id,age,gender,region,income_level,education_level,daily_role,device_hours_per_day,phone_unlocks,notifications_per_day,social_media_mins,study_mins,physical_activity_days,sleep_hours,sleep_quality,anxiety_score,depression_score,stress_level,happiness_score,focus_score,high_risk_flag,device_type,productivity_score,digital_dependence_score
1.0,40.0,Female,Asia,High,High School,Part-time/Shift,3.54,45.0,,98.0,34.0,7.0,9.12379996856656,3.353627229065094,9.926651431001652,5.0,6.593288791385255,8.0,23.0,0.0,Android,70.0,25.7
2.0,27.0,Male,Africa,Lower-Mid,Master,Full-time Employee,5.65,,393.0,174.0,102.0,2.0,8.83751689466956,2.90814688427508,,4.0,4.126925580981799,8.1,35.0,0.0,,64.0,30.1
3.0,31.0,Male,North America,Lower-Mid,Bachelor,Full-time Employee,8.87,181.0,231.0,595.0,140.0,1.0,6.486743490405938,2.8892134520710853,4.0,8.0,1.4291394113837326,7.6,15.0,0.0,Android,65.29930112427833,40.6
4.0,,Female,Middle East,Low,Master,Caregiver/Home,4.05,94.0,268.0,18.0,121.0,,7.600503916041014,3.097488132489784,7.093357303296108,9.0,4.995511514530647,7.8,28.0,1.0,Tablet,80.0,36.68415185296776
5.0,26.0,Female,Europe,Lower-Mid,Bachelor,Full-time Employee,13.07,199.0,91.0,147.0,60.0,1.0,5.197962143808271,2.786098466055896,7.028125485306799,15.0,9.448757290004147,4.2,,,Android,,48.4
6.0,37.0,Female,Middle East,Upper-Mid,Bachelor,Caregiver/Home,,73.0,198.0,9.0,85.0,0.0,10.945226162648847,2.797043847701924,7.954749715454075,4.0,1.3170610240985463,10.0,64.0,0.0,Android,63.0,21.2
7.0,18.0,Female,Europe,Lower-Mid,High School,Unemployed_Looking,4.95,119.0,553.0,61.0,188.0,4.0,8.422325191079652,3.06511831938304,7.510411738119959,1.0,9.923969314465092,7.7,15.0,0.0,iPhone,81.0,32.8
8.0,33.0,Female,Europe,Upper-Mid,Master,Full-time Employee,6.55,82.0,184.0,48.0,155.0,3.0,6.295213014211736,2.9523063893081094,,8.0,1.0,8.6,70.0,0.0,Tablet,73.0,25.7
9.0,43.0,Female,South America,Lower-Mid,PhD,Full-time Employee,8.05,155.0,309.0,16.0,116.0,4.0,9.698407146278884,3.065844303103937,7.6150050676287,18.0,2.8660012980489773,8.3,53.0,0.0,Android,60.0,39.9
10.0,41.0,Female,Asia,Low,High School,Full-time Employee,2.33,38.0,,249.0,155.0,5.0,9.72271969916111,3.187426003154164,5.586164212581286,0.0,1.976406835980132,9.2,73.0,0.0,iPhone,70.0,10.8
11.0,47.0,Female,South America,Lower-Mid,High School,Caregiver/Home,7.89,129.0,212.0,31.0,,4.0,6.864379263972305,3.074677273050004,6.79732346476202,12.0,8.889003899028802,4.1,59.0,0.0,iPhone,60.0,35.2
12.0,13.0,Female,Asia,Low,High School,Student,4.59,139.0,474.0,39.0,78.0,7.0,7.316848708334774,3.382698590755737,5.0,2.0,8.764770571840668,2.1,27.0,0.0,Tablet,60.0,31.8
,26.0,Male,Africa,Lower-Mid,Master,Full-time Employee,8.55,110.0,424.0,82.0,0.0,4.0,5.917848475661263,3.106251546232834,4.0,9.0,6.831297661361751,8.8,27.0,0.0,Laptop,67.0,38.4
,21.0,Female,Europe,Low,Bachelor,Student,3.99,72.0,211.0,178.0,102.0,4.0,6.04910572914114,3.078083020008001,6.234905492105462,0.0,2.846489119490281,9.9,51.0,0.0,Laptop,46.0,19.1
15.0,24.0,Female,Africa,Lower-Mid,Master,Full-time Employee,8.91,92.0,185.0,161.0,201.0,1.0,5.779037569790717,2.7609676834105605,7.206864455166425,9.0,1.223006718921302,8.7,55.0,0.0,Android,48.0,32.0
,24.0,Female,Africa,Low,Bachelor,Full-time Employee,9.74,180.0,1195.0,240.0,88.0,7.0,5.203141620196599,3.2825923234276613,8.207674576076311,17.0,6.606128074094776,6.418568102444702,0.0,0.0,Android,59.0,66.9
,24.0,Female,Africa,Upper-Mid,,Student,5.0,114.0,155.0,19.0,102.0,,9.617037249632707,2.9756235817286774,5.589573037167772,6.0,1.0,9.6,56.0,0.0,Tablet,55.0,23.7
18.0,25.0,Male,North America,Lower-Mid,Master,Full-time Employee,5.29,119.0,226.0,125.0,96.0,2.0,6.267765346495462,2.926987306205264,5.0,3.0,2.179853991849066,8.8,43.0,1.0,Laptop,68.0,26.3
19.0,19.0,Male,Africa,Lower-Mid,Bachelor,Full-time Employee,6.89,184.0,263.0,41.0,119.0,5.0,8.227617483642558,3.1636763139982604,4.0,10.0,6.79094856349961,5.7,42.0,1.0,iPhone,,36.3
20.0,15.0,Male,Europe,Low,High School,Student,12.66,203.0,703.0,176.0,128.0,6.0,5.198885847394835,3.2201713260423235,4.0,18.0,9.707075661436672,2.7,0.0,1.0,Tablet,51.0,62.7
21.0,21.0,Female,Africa,Lower-Mid,Bachelor,Part-time/Shift,6.89,204.0,499.0,92.0,111.0,5.0,6.050582728907111,3.137827157703509,7.485924461895646,3.0,,9.4,30.0,1.0,Laptop,80.0,
22.0,27.0,Male,Europe,Upper-Mid,High School,Student,7.3,141.0,525.0,72.0,64.0,2.0,8.252850132119574,2.92817857589818,4.0,10.0,1.0,8.3,35.0,0.0,iPhone,,40.9
23.0,25.0,,Asia,Upper-Mid,Bachelor,Full-time Employee,4.63,112.0,51.0,173.0,168.0,2.0,6.847907287205611,2.849226419862877,4.634958034392913,3.0,1.072755323546035,8.5,62.0,0.0,,66.0,19.7
24.0,22.0,Female,,Low,Bachelor,Part-time/Shift,6.24,128.0,357.0,449.0,80.0,4.0,7.984506760457626,3.1367008093003856,7.922329916913364,6.0,3.012997353530816,7.6,19.0,0.0,Tablet,51.0,32.9
25.0,32.0,Female,North America,Upper-Mid,Bachelor,,3.29,93.0,121.0,417.0,293.0,5.0,8.030437941413052,3.029451317676477,7.28560272214774,0.0,1.0,9.2,39.0,0.0,Tablet,60.0,17.6
26.0,23.0,Female,Middle East,High,Master,Part-time/Shift,5.1,98.0,1203.0,242.0,79.0,3.0,6.072299316420355,,6.892297369875632,,10.0,0.4,0.0,0.0,Android,66.0,48.7
27.0,46.0,Female,Europe,Upper-Mid,Bachelor,Unemployed_Looking,6.28,145.0,558.0,50.0,16.0,4.0,7.018892076150481,3.049665741916635,7.296148653684533,6.0,1.0,8.3,18.0,1.0,,53.0,41.6
28.0,44.0,Female,North America,Lower-Mid,Bachelor,Caregiver/Home,6.5,107.0,304.0,20.0,301.0,0.0,,2.78251543466444,5.816794351840231,8.0,7.295017386220814,8.9,41.59859976662777,0.0,iPhone,69.0,31.9
29.0,50.0,Male,Asia,Low,,Caregiver/Home,7.88,183.0,594.0,12.0,147.0,1.0,7.742759712422853,2.830463109262249,4.0,12.0,4.309485959858957,3.0,13.0,1.0,iPhone,59.0,49.8
30.0,35.0,Female,Africa,Low,Master,Caregiver/Home,3.01,47.0,,119.0,0.0,5.0,9.42605210567908,3.149111382480191,7.038508918747437,,,8.2,38.0,0.0,Laptop,62.0,19.1
31.0,24.0,Male,South America,Lower-Mid,Bachelor,Part-time/Shift,6.95,133.0,103.0,94.0,133.0,,8.177302002661788,3.159522385735977,,13.0,1.0,8.0,67.0,1.0,Tablet,59.0,28.5
32.0,18.0,Male,Europe,Low,High School,Full-time Employee,3.39,93.0,309.0,112.0,137.0,5.0,,3.17226237638904,4.0,,6.864401948035924,6.5,62.0,0.0,Laptop,65.29930112427833,20.6
33.0,26.0,Female,Asia,Upper-Mid,High School,Full-time Employee,,108.0,141.0,86.0,,4.0,8.66072306968108,3.0354834770085306,6.456506633284729,8.0,1.0,9.7,78.0,0.0,Laptop,65.0,20.8
34.0,45.0,Male,North America,Low,,Part-time/Shift,0.98,19.0,85.0,3.0,118.0,1.0,9.23280775573996,2.86401104407393,4.0,1.0,1.0,2.0,86.0,0.0,Laptop,54.0,6.2
35.0,18.0,Female,Middle East,Low,Bachelor,Student,6.46,141.0,123.0,132.0,0.0,,6.765647643430832,2.837932199965437,4.971281297495545,13.0,,8.6,66.0,0.0,iPhone,73.0,27.5
36.0,22.0,Female,,Low,Bachelor,Full-time Employee,3.75,113.0,456.0,,74.0,4.0,6.684185868226799,3.0516584896715866,5.483170799808846,4.0,,9.9,,1.0,iPhone,53.0,28.2
37.0,32.0,Male,Asia,,PhD,Unemployed_Looking,5.96,101.0,772.0,115.0,47.0,,8.529181992788837,3.0937235145515065,4.0,4.0,5.028737740713357,9.0,9.0,0.0,Android,67.0,41.0
38.0,20.0,Male,North America,Lower-Mid,High School,Full-time Employee,2.19,61.0,480.0,71.0,103.0,4.0,6.245334614235386,3.101675897318687,5.0,0.0,1.900088400702232,,,0.0,iPhone,45.0,20.7
39.0,41.0,Male,Asia,High,Master,Full-time Employee,4.54,58.0,172.0,34.0,187.0,5.0,7.54871444850384,,4.0,2.0,5.891886308629696,8.2,61.0,0.0,Android,,19.9
40.0,13.0,Male,Africa,Low,High School,Student,6.3,152.0,361.0,148.0,233.0,7.0,8.010635135382634,3.2719093272303805,4.0,0.0,4.6540966232282015,9.6,33.0,0.0,iPhone,67.0,33.9
41.0,35.0,,,High,High School,Unemployed_Looking,9.89,171.0,231.0,,13.0,2.0,7.075744741669438,2.936991120062812,5.257727940157244,14.0,2.0748078035810704,7.3,62.0,0.0,Android,72.0,42.5
42.0,20.0,Female,South America,Low,Bachelor,Part-time/Shift,6.4,137.0,207.0,173.0,0.0,3.0,6.148762413767652,2.938572062785197,7.230149247910212,3.0,,,50.0,0.0,Laptop,67.0,29.6
43.0,40.0,Male,Africa,Lower-Mid,Master,Part-time/Shift,4.86,83.0,114.0,199.0,166.0,2.0,7.276884560350949,2.979726184831822,4.0,3.0,10.0,0.2,73.0,0.0,Tablet,64.0,20.8
44.0,22.0,Female,North America,Upper-Mid,Bachelor,Part-time/Shift,8.32,176.0,223.0,,0.0,1.0,5.951503393041112,2.808037542672635,3.486714604227396,10.0,3.1882666047084225,9.1,63.0,0.0,Laptop,62.0,38.1
,49.0,Male,Europe,Low,Bachelor,Caregiver/Home,3.9,77.0,150.0,99.0,0.0,0.0,8.502375170745147,2.655405159240562,4.0,3.0,10.0,0.3,75.0,0.0,Tablet,50.0,20.2
46.0,23.0,Female,Europe,Upper-Mid,Bachelor,Full-time Employee,3.7,88.0,158.0,81.0,104.0,6.0,7.519196324039396,3.151960132130581,7.560516561848887,3.0,4.655137623052005,9.4,93.0,0.0,Laptop,58.0,18.3
47.0,27.0,Male,North America,Upper-Mid,Bachelor,,11.03,208.0,159.0,68.0,0.0,3.0,6.262353452202505,2.974222556585114,4.0,16.0,3.012163325391885,8.7,65.0,0.0,Tablet,65.29930112427833,46.1
,42.0,,Middle East,High,Master,Caregiver/Home,4.71,108.0,268.0,433.0,0.0,4.0,9.186657967712929,3.0589162819041955,,0.0,9.927073686698543,8.4,0.0,0.0,,76.0,36.68415185296776
49.0,21.0,Female,Europe,Upper-Mid,Bachelor,Student,5.66,122.0,157.0,256.0,9.0,3.0,,3.0705232089886896,6.515635856368208,3.0,1.0,8.5,79.0,0.0,Tablet,68.0,25.3
50.0,38.0,,Asia,High,Bachelor,Part-time/Shift,5.53,75.0,268.0,101.0,92.0,3.0,,2.9201154078604232,5.0,14.0,1.0,9.4,60.0,0.0,Tablet,47.0,36.68415185296776
51.0,37.0,Female,South America,Lower-Mid,Bachelor,Unemployed_Looking,11.55,222.0,230.0,496.0,26.0,7.0,,,6.13833866489991,16.0,6.634129934771305,6.7,1.0,0.0,Android,68.0,51.1
52.0,23.0,Female,,Lower-Mid,Master,Unemployed_Looking,14.96,143.0,434.0,262.0,231.0,0.0,4.090026955517184,2.679415373596757,5.236915729484031,16.0,10.0,2.0,,1.0,Laptop,65.29930112427833,56.6
,,Female,Europe,Low,Bachelor,Student,7.94,141.0,802.0,62.0,145.0,5.0,7.830058075672094,3.107176919273981,5.377839530398459,13.0,1.7594011796312383,9.9,0.0,0.0,Android,58.0,
54.0,14.0,Male,Middle East,Lower-Mid,High School,Student,9.06,152.0,165.0,256.0,63.0,4.0,7.821374632216433,3.13612361984136,4.0,14.0,4.855642390719986,0.4,41.59859976662777,,Tablet,71.0,36.68415185296776
55.0,15.0,Female,Middle East,Lower-Mid,High School,Student,9.94,,104.0,180.0,0.0,4.0,6.412085343041421,2.995108207180093,9.261982459863992,12.0,1.0,9.4,64.0,,Tablet,75.0,38.0
56.0,27.0,Female,South America,Upper-Mid,Master,Part-time/Shift,14.38,200.0,476.0,148.0,46.0,4.0,4.659008732445433,,5.106783113676804,22.0,5.00626277296813,0.9,16.0,0.0,iPhone,74.0,61.1
57.0,17.0,Male,Europe,Lower-Mid,High School,,6.76,146.0,182.0,166.0,0.0,3.0,7.211652562048101,2.991685742691854,4.0,4.0,1.1578017912501353,9.2,55.0,0.0,iPhone,57.0,36.68415185296776
,34.0,Male,Europe,Upper-Mid,Bachelor,Unemployed_Looking,2.45,,,46.0,182.0,4.0,8.388344087213595,3.0507164470199823,4.0,0.0,2.8726931953366406,2.5,41.59859976662777,0.0,Laptop,,21.9
59.0,16.0,Male,Africa,Low,High School,Student,,104.0,517.0,50.0,130.0,6.0,9.17636942900579,3.237666136690996,4.0,4.0,3.889765789424618,9.9,36.0,0.0,Laptop,68.0,29.9
60.0,18.0,Male,Europe,Lower-Mid,Bachelor,Part-time/Shift,2.56,80.0,119.0,191.0,44.0,3.0,7.758271429405124,2.91403935564397,4.0,0.0,1.0,8.2,71.0,,Laptop,75.0,13.0
61.0,30.0,Male,Asia,Upper-Mid,Bachelor,Full-time Employee,5.59,153.0,268.0,41.0,45.0,4.0,7.574544007013483,3.134741143728071,4.0,0.0,10.0,0.9,68.0,0.0,iPhone,60.0,36.68415185296776
62.0,17.0,Male,North America,Lower-Mid,High School,Student,3.96,59.0,337.0,50.0,,2.0,7.426577844742267,2.9883980059005526,4.0,8.0,,8.4,60.0,0.0,iPhone,63.0,20.3
63.0,19.0,Male,North America,Low,Bachelor,Part-time/Shift,2.78,92.0,264.0,258.0,62.0,5.0,8.156714643029364,3.134164896822617,4.0,0.0,1.0,8.6,42.0,0.0,Android,54.0,18.9
64.0,46.0,,Asia,Low,Master,Full-time Employee,8.23,199.0,404.0,39.0,135.0,5.0,7.558764921353024,3.252964968465329,7.809976367959128,9.0,1.0,6.4,40.0,0.0,Laptop,53.0,46.9
65.0,24.0,Female,Asia,Upper-Mid,Bachelor,Student,13.65,311.0,176.0,,124.0,0.0,6.224373911253337,2.712435047373364,9.874961405483091,19.0,9.352622258760256,6.7,55.0,1.0,Laptop,73.0,60.9
66.0,32.0,Female,Europe,Upper-Mid,Master,Part-time/Shift,6.28,103.0,379.0,,212.0,3.0,8.296487850322352,2.9920619744339487,5.198322817855788,3.0,1.0,8.9,41.0,0.0,iPhone,,31.6
67.0,33.0,Female,Europe,High,Bachelor,Full-time Employee,10.65,175.0,432.0,91.0,77.0,3.0,7.542666904972116,3.04363482792986,9.611414794296806,16.0,5.09086894337754,9.6,22.0,0.0,,64.0,49.9
68.0,32.0,Male,Asia,Upper-Mid,High School,Full-time Employee,7.93,187.0,423.0,186.0,72.0,,8.039315097022087,2.949090151729989,4.0,6.0,1.0,,,0.0,Laptop,75.0,43.8
69.0,18.0,Female,Europe,Lower-Mid,Bachelor,Student,5.47,103.0,455.0,252.0,0.0,1.0,8.220904872095732,2.7431936346036463,4.0,7.0,7.171132473602274,7.6,13.0,,Android,65.29930112427833,30.5
70.0,50.0,Female,South America,Lower-Mid,Bachelor,Full-time Employee,5.05,38.0,272.0,71.0,76.0,2.0,9.206381356762895,2.811569877863434,9.036648146802015,7.0,1.0,8.4,57.0,0.0,Android,59.0,22.6
71.0,29.0,Female,Asia,Upper-Mid,Bachelor,,2.33,106.0,591.0,75.0,175.0,6.0,7.8524834514972275,3.314735633726542,4.689862359514329,2.0,7.70883257376728,8.5,6.0,0.0,Laptop,65.29930112427833,27.8
,46.0,Male,Asia,Upper-Mid,Bachelor,,12.74,247.0,273.0,203.0,170.0,4.0,6.134634699579325,,4.0,20.0,5.913954193880873,5.8,29.0,1.0,iPhone,80.0,57.6
73.0,33.0,Male,Middle East,High,High School,Part-time/Shift,4.98,109.0,206.0,75.0,218.0,0.0,8.34625340437879,2.723099605779935,4.0,4.0,5.280804037766603,6.9,76.0,0.0,iPhone,65.0,25.0
74.0,31.0,Male,Europe,Low,,Full-time Employee,4.22,107.0,195.0,114.0,13.0,5.0,8.261186141328707,3.076171458018598,5.0,4.0,1.845822079612192,6.418568102444702,66.0,0.0,Laptop,81.0,22.2
75.0,22.0,Female,Europe,Upper-Mid,Bachelor,Full-time Employee,7.88,179.0,131.0,168.0,52.0,4.0,5.537073461622228,3.0993419823043524,5.608669873516028,8.0,1.1117721468829684,8.5,46.0,0.0,Android,39.0,35.7
76.0,24.0,Female,Europe,Low,Bachelor,Student,5.64,111.0,254.0,262.0,139.0,4.0,9.182695183458767,3.012847025376664,7.541329933426649,6.0,9.89038940526933,5.1,63.0,0.0,Tablet,,26.9
77.0,50.0,Male,North America,Lower-Mid,Bachelor,Full-time Employee,8.36,206.0,186.0,0.0,81.0,4.0,8.78048615767152,3.0273618669548266,4.0,16.0,2.8960856965198603,9.7,64.0,0.0,Tablet,,42.3
78.0,33.0,Female,Africa,Upper-Mid,High School,Full-time Employee,4.69,103.0,214.0,54.0,134.0,2.0,8.310800230018867,2.9071317521151845,6.400807571679895,5.0,1.0,8.0,67.0,1.0,Laptop,62.0,24.1
79.0,23.0,Male,Asia,Low,Bachelor,,6.7,169.0,,82.0,184.0,1.0,8.695587728806226,2.7590687911853395,4.0,6.0,3.205599913264232,8.3,55.0,0.0,Laptop,66.0,31.8
80.0,,Female,North America,Lower-Mid,Bachelor,Unemployed_Looking,4.35,102.0,462.0,588.0,293.0,5.0,9.853524551695624,3.12288054845894,6.66422297007742,,5.877770942624586,9.6,0.0,,Tablet,45.0,
81.0,19.0,Female,Middle East,Low,Bachelor,Student,5.41,,560.0,246.0,84.0,2.0,8.461321765218736,2.96226621061954,6.6392064461762015,8.0,,6.2,,0.0,iPhone,63.0,35.3
82.0,,Male,Africa,Upper-Mid,Bachelor,Caregiver/Home,,217.0,217.0,20.0,91.0,7.0,7.721896804822373,3.3129916690040107,5.0,12.0,2.7577976364352943,7.4,75.0,0.0,Laptop,69.0,44.7
83.0,22.0,Female,Europe,Low,Bachelor,Unemployed_Looking,3.38,49.0,,73.0,62.0,3.0,7.181162487969966,2.9785674893625527,6.391041021213569,5.0,5.0648614981525375,0.0,83.0,0.0,Tablet,,11.3
84.0,15.0,Female,,,High School,Student,3.61,65.0,529.0,182.0,102.0,4.0,8.32690553231554,3.062668253811086,4.227988649809982,2.0,2.881164806290006,8.7,21.0,0.0,Tablet,60.0,24.8
85.0,46.0,Female,South America,Upper-Mid,PhD,Part-time/Shift,12.0,278.0,328.0,,90.0,1.0,5.417203925021811,2.79281433274879,,16.0,8.203209880645634,5.4,56.0,1.0,Laptop,65.29930112427833,60.6
86.0,41.0,Female,Europe,Lower-Mid,PhD,Part-time/Shift,5.49,143.0,55.0,19.0,39.0,4.0,7.878292906908651,3.151732634325639,,6.0,9.8896626619995,1.6,71.0,0.0,Android,60.0,26.2
87.0,22.0,Male,Africa,Low,Bachelor,Part-time/Shift,6.0,158.0,288.0,207.0,228.0,0.0,7.055441933565628,2.6917785874241567,4.0,8.0,1.0,8.1,62.0,0.0,Laptop,74.0,32.4
88.0,23.0,Female,North America,,Bachelor,Student,7.63,173.0,320.0,49.0,115.0,2.0,8.342518708385104,2.902702039242573,7.402065824489482,11.0,8.042292277866062,8.6,65.0,0.0,iPhone,68.0,38.6
89.0,28.0,Female,Europe,High,Bachelor,Part-time/Shift,5.73,175.0,436.0,53.0,139.0,0.0,7.229125938017113,2.738137722268001,4.0,6.0,5.303382741095426,8.2,35.0,0.0,Laptop,60.0,38.0
90.0,20.0,Male,North America,Lower-Mid,Bachelor,Part-time/Shift,4.65,84.0,286.0,509.0,74.0,1.0,6.721487737734232,2.862709212904276,4.0,0.0,9.205372372049142,4.7,29.0,1.0,Tablet,70.0,22.9
91.0,16.0,Female,Middle East,Lower-Mid,High School,Student,3.31,112.0,800.0,106.0,246.0,2.0,7.12216297464861,2.9473144280840584,6.650812191178848,7.0,9.14253732113361,9.5,0.0,0.0,Tablet,66.0,34.9
92.0,23.0,Female,South America,Lower-Mid,Master,Student,10.06,,138.0,298.0,70.0,0.0,8.367232161380274,2.7307855037265067,6.536336120490415,14.0,1.0,9.2,57.0,1.0,iPhone,75.0,42.1
93.0,22.0,Female,Europe,Low,High School,Full-time Employee,5.49,139.0,210.0,160.0,119.0,5.0,7.186155547352643,3.1463429865903034,6.898508519830664,7.0,1.0,9.0,72.0,0.0,Laptop,58.0,36.68415185296776
94.0,19.0,Male,Europe,Low,Bachelor,Student,4.06,78.0,141.0,107.0,52.0,2.0,7.560683011668252,,4.0,7.0,1.1118065437865272,9.4,53.0,0.0,Tablet,62.0,17.3
95.0,33.0,Male,Asia,Lower-Mid,Master,Full-time Employee,13.45,270.0,292.0,123.0,0.0,3.0,7.272792919810766,2.858433291962604,4.0,14.0,10.0,0.3,48.0,1.0,Laptop,61.0,61.1
96.0,24.0,Male,Europe,Low,Master,Student,6.8,211.0,100.0,40.0,111.0,3.0,7.989388170986725,2.892590894617246,4.0,11.0,,0.0,74.0,0.0,Android,50.0,34.9
97.0,29.0,Male,South America,Low,High School,Part-time/Shift,10.09,246.0,302.0,373.0,149.0,5.0,7.740627847211608,3.101556477398552,4.0,18.0,1.8791958232109447,7.7,42.0,0.0,Tablet,68.0,50.8
98.0,41.0,Male,Asia,Low,Bachelor,Part-time/Shift,5.34,70.0,230.0,157.0,146.0,3.0,,,5.0,,6.110832174645446,8.8,35.0,0.0,Tablet,68.0,23.8
99.0,19.0,Male,,Lower-Mid,Bachelor,Full-time Employee,14.01,190.0,557.0,302.0,86.0,4.0,6.152392525414546,,5.0,14.0,9.924495706237792,2.1,0.0,1.0,Tablet,65.0,60.9
100.0,16.0,Female,Africa,Low,High School,Student,5.12,101.0,270.0,86.0,239.0,7.0,6.887137759981238,3.329058077696849,7.448560090848648,5.0,1.0,10.0,74.0,0.0,Android,63.0,24.8
101.0,35.0,Female,Asia,Low,Bachelor,Full-time Employee,7.26,131.0,89.0,89.0,178.0,1.0,7.999165553471046,2.812377008598492,8.486007801491446,9.0,10.0,3.3,56.0,0.0,Laptop,51.0,29.9
102.0,,Female,South America,Low,High School,Student,4.67,131.0,,168.0,2.0,4.0,9.128402132800373,3.041190290968551,6.16869260249611,8.0,1.0,9.9,89.0,0.0,Android,61.0,20.7
103.0,41.0,Female,Europe,Upper-Mid,Master,Full-time Employee,6.14,92.0,392.0,252.0,,4.0,7.8753043943710335,2.989117254612524,5.930321775060616,6.0,1.011152377556776,9.9,31.0,0.0,Tablet,62.0,31.9
104.0,39.0,Female,Asia,High,Bachelor,Full-time Employee,5.13,126.0,518.0,0.0,169.0,4.0,7.114112244632262,3.049697775125653,5.51759800101643,4.0,3.8968917155618006,7.1,29.0,0.0,Tablet,57.0,35.5
105.0,17.0,Male,Asia,Lower-Mid,High School,Student,3.95,80.0,1105.0,151.0,0.0,2.0,6.024606165518449,2.7608214933444457,4.0,7.0,3.084811424362808,,0.0,0.0,,65.29930112427833,41.6
106.0,20.0,Female,Europe,Low,High School,Part-time/Shift,2.74,41.0,96.0,62.0,43.0,4.0,6.085233666864286,3.043777202797601,4.682834698476096,3.0,3.112981756298617,9.9,81.0,0.0,Android,65.29930112427833,9.8
107.0,43.0,Female,Europe,Upper-Mid,Bachelor,Part-time/Shift,9.43,209.0,337.0,82.0,19.0,2.0,6.349469160424807,2.8953149145847643,7.577692620074597,15.0,3.289318533689829,6.1,38.0,0.0,Android,84.0,47.8
108.0,15.0,Female,,Low,High School,Student,8.2,139.0,740.0,353.0,183.0,5.0,4.638497138526186,3.143905411150726,6.863508631874309,14.0,9.861659777085704,3.9,0.0,,Laptop,67.0,
109.0,24.0,Male,South America,Upper-Mid,,Student,2.46,61.0,305.0,122.0,,6.0,7.655989832196568,3.133489217357445,4.0,0.0,1.0,9.6,52.0,0.0,Laptop,68.0,16.6
110.0,19.0,Male,Europe,Low,Bachelor,Unemployed_Looking,8.04,225.0,929.0,47.0,28.0,,8.068570347697738,3.1430504987692247,,6.0,3.646178950650486,9.8,,0.0,iPhone,64.0,59.2
111.0,,Female,Asia,Low,High School,Part-time/Shift,2.88,56.0,158.0,131.0,159.0,4.0,7.372741514745921,2.999853454844666,7.745852143228117,1.0,4.867762526965846,8.4,57.0,0.0,Tablet,46.0,13.4
,30.0,Female,Asia,Low,Master,Full-time Employee,3.68,82.0,424.0,56.0,186.0,0.0,9.835491392625457,2.6917629523362434,8.402754166616711,,4.319221444878334,8.6,53.0,0.0,Laptop,65.0,24.9
113.0,,Male,Africa,,Bachelor,,14.82,310.0,176.0,197.0,47.0,,6.255625968488154,3.007936944032268,4.0,19.0,10.0,4.5,42.0,1.0,Tablet,66.0,63.8
114.0,23.0,Female,North America,Low,Bachelor,Part-time/Shift,4.85,101.0,137.0,611.0,0.0,2.0,7.136411869424479,2.992861417312364,7.149809542810225,2.0,5.104596836796247,8.0,13.0,1.0,Android,90.0,20.6
,24.0,Female,Middle East,Upper-Mid,Bachelor,Student,13.09,279.0,283.0,176.0,170.0,2.0,5.918662522390052,2.8947236690845104,7.22722654073395,18.0,8.939790255152857,0.9,42.0,1.0,iPhone,63.0,59.9
116.0,24.0,Male,South America,Low,Bachelor,Student,9.17,211.0,301.0,169.0,,3.0,6.979785898258985,2.931185601809123,4.0,9.0,3.0681614698418387,7.1,41.0,0.0,Tablet,68.0,45.2
117.0,26.0,Female,,Low,Bachelor,Full-time Employee,4.91,98.0,166.0,77.0,246.0,1.0,8.092797697786585,2.8217046099231182,7.467066757026435,6.0,7.293797546865624,9.2,35.0,0.0,Tablet,65.0,22.3
118.0,21.0,Male,Africa,Low,,Full-time Employee,13.82,304.0,397.0,35.0,146.0,,5.1156701646353175,3.3385304070031245,4.0,21.0,4.739379971156309,5.7,37.0,1.0,Laptop,53.0,66.6
119.0,21.0,Male,Europe,Lower-Mid,Bachelor,Full-time Employee,16.51,261.0,257.0,83.0,146.0,4.0,6.078184950150549,3.0829748966315296,4.0,20.0,9.867701901034144,0.3,45.0,1.0,iPhone,76.0,65.2
,24.0,Female,,Upper-Mid,Bachelor,Full-time Employee,5.62,72.0,429.0,153.0,26.0,6.0,8.403295116219535,3.348849949154596,4.637870645473068,1.0,4.648127873335729,7.4,33.0,0.0,iPhone,73.0,28.0
121.0,21.0,Male,South America,Upper-Mid,Bachelor,Full-time Employee,3.31,67.0,396.0,52.0,0.0,5.0,8.322897152645941,3.0960427834799176,4.0,0.0,,9.8,50.0,0.0,Android,73.0,21.0
122.0,44.0,Female,Africa,High,Bachelor,Unemployed_Looking,5.88,152.0,284.0,18.0,173.0,,8.008174848084781,3.144421235930616,,11.0,3.800768437159861,5.9,55.0,1.0,Android,65.29930112427833,34.1
123.0,25.0,Male,Europe,Lower-Mid,Bachelor,Full-time Employee,10.01,120.0,,21.0,240.0,3.0,6.862037700969218,3.049486272412045,5.0,11.0,3.109368442830128,,61.0,0.0,Tablet,79.0,37.8
124.0,29.0,Female,Middle East,Low,Bachelor,Part-time/Shift,6.92,206.0,511.0,,102.0,1.0,7.963667470586506,2.886579049398545,9.690948788268454,8.0,2.201363787627758,5.7,9.0,0.0,Laptop,51.0,45.7
125.0,34.0,Female,Europe,High,Bachelor,Full-time Employee,8.33,141.0,66.0,72.0,64.0,2.0,,2.7946518348181573,8.497781741501608,9.0,10.0,0.5,81.0,0.0,iPhone,71.0,32.0
,30.0,Female,Middle East,,Master,Full-time Employee,3.22,91.0,146.0,83.0,0.0,6.0,9.204289654363496,3.21152642452941,6.643072968365971,7.0,1.6972133390949593,6.418568102444702,,0.0,Laptop,87.0,16.9
127.0,26.0,Male,North America,Lower-Mid,Bachelor,,11.65,262.0,509.0,272.0,,5.0,6.173800362980459,3.206035700227086,4.0,15.0,,7.3,0.0,0.0,iPhone,55.0,61.2
128.0,34.0,Male,Africa,Low,PhD,Full-time Employee,8.96,184.0,148.0,382.0,0.0,3.0,6.735328147003408,,4.0,14.0,1.0,7.4,60.0,0.0,Android,59.0,
129.0,24.0,Female,Africa,Lower-Mid,Bachelor,Part-time/Shift,,81.0,146.0,157.0,44.0,3.0,7.692149588700397,3.007230168928676,8.163609228489797,3.0,1.0,9.1,58.0,0.0,,66.0,16.8
130.0,15.0,Male,Africa,Low,High School,Student,4.25,104.0,253.0,238.0,52.0,3.0,8.193240656130236,2.9536472100563103,4.0,3.0,9.87893391675694,0.5,45.0,0.0,iPhone,60.0,22.6
131.0,26.0,Female,Asia,Low,Bachelor,Full-time Employee,6.44,175.0,264.0,72.0,72.0,5.0,8.047326277212555,3.0813495043127817,8.518680133568711,9.0,9.879749620488184,2.6,49.0,0.0,Tablet,49.0,35.4
132.0,41.0,Female,Asia,Upper-Mid,Bachelor,Full-time Employee,4.85,80.0,398.0,489.0,32.0,2.0,9.277545594755209,3.003092899020919,7.132212979405153,2.0,1.0,9.7,0.0,0.0,Android,66.0,27.9
133.0,28.0,Female,Asia,Lower-Mid,Master,Full-time Employee,14.73,297.0,268.0,59.0,203.0,6.0,4.683555282936956,3.2481313848546973,7.585276535284847,18.0,6.826484239905042,2.2,55.0,0.0,Tablet,54.0,36.68415185296776
134.0,27.0,Female,Asia,Upper-Mid,Bachelor,Unemployed_Looking,4.43,58.0,255.0,107.0,88.0,7.0,6.693069841634725,3.2491756027838963,5.0892608796758925,0.0,4.529630570327695,,50.0,0.0,Android,70.0,19.9
135.0,17.0,Female,Asia,Lower-Mid,High School,,4.85,,172.0,194.0,0.0,1.0,7.0699317820579175,2.8021132692309294,7.388174547392754,9.0,10.0,6.418568102444702,61.0,0.0,,56.0,23.5
136.0,31.0,,Africa,Low,Master,,11.11,192.0,26.0,,28.0,3.0,6.439752122298731,2.9875497005825697,,18.0,1.082384825096074,,,,,80.0,41.4
137.0,30.0,Female,Asia,,Master,Part-time/Shift,,67.0,113.0,562.0,102.0,1.0,8.372308778299537,2.8394614202420243,6.008581670482579,10.0,10.0,0.0,20.0,0.0,iPhone,57.0,17.6
138.0,33.0,Female,Africa,Low,,Full-time Employee,10.36,160.0,645.0,136.0,84.0,3.0,7.282210569847586,2.927059441863845,5.511567749079161,22.0,2.968055558334365,5.8,0.0,0.0,Tablet,62.0,53.3
139.0,31.0,Female,Asia,,Bachelor,Full-time Employee,15.36,300.0,236.0,270.0,79.0,6.0,5.031530337413973,3.1809847846251347,6.424509584179181,21.0,7.52638237479363,2.3,54.0,1.0,Laptop,73.0,66.2
140.0,28.0,Female,Europe,Lower-Mid,Bachelor,Full-time Employee,7.52,167.0,76.0,178.0,141.0,4.0,6.586395507988235,2.9692782902192447,6.965038231891272,14.0,1.9585234659669013,9.9,54.0,,Laptop,53.0,32.6
,22.0,Male,Asia,Low,Bachelor,Part-time/Shift,9.51,201.0,265.0,53.0,79.0,1.0,5.516535592498425,2.864259202027857,4.0,8.0,10.0,0.0,50.0,1.0,iPhone,67.0,44.0
142.0,42.0,Female,South America,Upper-Mid,High School,Full-time Employee,8.91,171.0,316.0,114.0,155.0,4.0,6.819031245032937,3.034844094999377,6.249366705732546,10.0,9.885432994779228,7.6,37.0,0.0,,78.0,42.9
143.0,,Female,,Upper-Mid,Master,Full-time Employee,14.34,285.0,134.0,61.0,64.0,,6.038298714377618,,9.336604632993978,22.0,7.204907987571402,3.5,81.0,0.0,iPhone,49.0,60.4
144.0,30.0,Female,Middle East,Low,High School,Full-time Employee,7.0,127.0,132.0,395.0,196.0,3.0,8.222190920984175,3.043153300169951,6.739743427512543,6.0,1.0,8.7,41.0,0.0,Android,67.0,29.1
145.0,38.0,Male,South America,High,Bachelor,Unemployed_Looking,12.8,125.0,341.0,25.0,49.0,5.0,4.116070872872281,3.1428031690533484,4.0,21.0,4.718718179865708,3.7,51.0,,iPhone,68.0,36.68415185296776
146.0,22.0,Female,South America,Low,Bachelor,Student,11.68,250.0,115.0,94.0,0.0,1.0,5.156692567792503,2.8066225637501647,7.282865334054295,16.0,10.0,1.7,,1.0,Tablet,73.0,49.4
147.0,39.0,Male,North America,Upper-Mid,Master,Part-time/Shift,14.65,178.0,222.0,100.0,125.0,3.0,7.894928293073895,2.981736448585332,,19.0,9.9469624391345,3.8,43.0,1.0,Android,53.0,55.1
148.0,40.0,Male,Middle East,Low,Bachelor,Caregiver/Home,11.29,221.0,343.0,183.0,207.0,2.0,7.902005699166284,2.895315411336888,4.0,9.0,5.335233342055508,7.2,30.0,0.0,iPhone,52.0,54.0
149.0,23.0,Male,,Upper-Mid,Master,Part-time/Shift,11.53,153.0,769.0,412.0,260.0,1.0,6.007066807661309,2.8745793374415154,5.0,16.0,8.308127358517797,4.9,0.0,1.0,iPhone,70.0,57.6
150.0,35.0,Female,Africa,Upper-Mid,High School,Part-time/Shift,10.96,217.0,282.0,205.0,80.0,4.0,5.245644796579784,3.0674669382148325,5.09067330485162,15.0,5.945855629574144,3.6,18.0,0.0,Android,68.0,50.4
151.0,22.0,,Africa,Low,High School,Student,10.59,,433.0,91.0,0.0,5.0,7.080023900992519,3.1045896109557054,4.0,14.0,1.0,8.4,30.0,0.0,Android,68.0,45.1
152.0,27.0,Male,Asia,Upper-Mid,Bachelor,Part-time/Shift,6.15,138.0,530.0,104.0,0.0,7.0,7.8647208326371905,3.343971401972655,4.0,,1.0,10.0,37.0,0.0,iPhone,68.0,37.9
153.0,34.0,Male,North America,Lower-Mid,Bachelor,Full-time Employee,8.4,,133.0,303.0,61.0,3.0,7.05970570761238,3.033564592559052,4.0,6.0,4.130655179013881,8.8,41.0,0.0,Android,58.0,34.9
154.0,18.0,Female,Europe,Lower-Mid,Bachelor,Student,10.22,235.0,837.0,103.0,103.0,4.0,4.802916028805942,2.9850084869968696,4.918269202198751,15.0,4.891518982863868,,0.0,,iPhone,67.0,62.8
155.0,34.0,Female,Asia,Upper-Mid,Bachelor,Unemployed_Looking,8.41,152.0,245.0,57.0,0.0,2.0,8.230926055657347,2.968794925382782,5.936793263120707,10.0,1.0,9.7,,0.0,iPhone,68.0,37.8
156.0,16.0,Female,Middle East,Low,High School,Student,6.03,102.0,252.0,235.0,191.0,7.0,8.872553483519894,3.309814537788592,8.818173076109698,1.0,1.0,8.7,39.0,0.0,iPhone,58.0,26.7
157.0,34.0,Female,North America,Low,High School,Full-time Employee,15.3,239.0,241.0,108.0,29.0,7.0,6.466894980708871,3.305742446635497,8.792501254663076,16.0,9.766440598375915,8.4,41.59859976662777,1.0,Laptop,84.0,61.0
158.0,14.0,Female,Asia,Lower-Mid,High School,Student,4.93,153.0,,178.0,107.0,1.0,9.35543312518333,2.862602319127444,5.8917010384942525,6.0,1.0,8.1,42.0,0.0,Android,,29.7
159.0,29.0,Male,North America,Low,High School,Unemployed_Looking,3.51,82.0,138.0,383.0,48.0,4.0,7.300890714789654,3.023576198787679,4.0,4.0,5.030411187390833,7.1,60.0,0.0,Tablet,53.0,17.5
160.0,28.0,Male,Africa,Low,Bachelor,Part-time/Shift,7.14,167.0,196.0,126.0,,3.0,5.909740713085058,3.019748600450681,4.0,6.0,1.9905267183700948,8.9,65.0,0.0,Laptop,72.0,34.2
161.0,17.0,Female,Asia,Lower-Mid,High School,Student,3.48,67.0,107.0,56.0,86.0,3.0,9.2509854449639,2.953201601254242,8.75539535249369,,4.121930389350547,,61.0,0.0,Laptop,55.0,14.2
162.0,17.0,Female,Europe,Lower-Mid,,Student,10.23,242.0,159.0,222.0,0.0,3.0,6.512540231302199,2.8982928407556177,7.306544809867796,16.0,10.0,,51.0,1.0,Tablet,73.0,45.8
163.0,21.0,Female,Europe,Lower-Mid,Bachelor,Student,7.34,142.0,125.0,89.0,156.0,0.0,6.961073438947731,2.6824986299955134,8.187051873270667,9.0,10.0,2.9,98.0,0.0,Laptop,77.0,29.9
164.0,22.0,Female,Europe,Upper-Mid,Bachelor,Part-time/Shift,11.81,304.0,145.0,114.0,158.0,1.0,4.947945506173692,2.8406221791927795,5.856133316021826,16.0,10.0,1.4,59.0,1.0,Android,65.29930112427833,55.4
165.0,23.0,Female,Europe,Upper-Mid,Bachelor,Student,15.15,309.0,284.0,321.0,103.0,7.0,5.523390838751985,3.2443055321284344,7.8470463774061106,12.0,4.527806063288597,3.9,40.0,1.0,Android,75.0,66.9
166.0,23.0,Male,Asia,Low,Bachelor,Student,6.13,151.0,,95.0,174.0,4.0,7.865600945132392,3.132428824497376,4.0,9.0,1.0,9.4,49.0,0.0,Tablet,69.0,34.9
167.0,15.0,Female,Africa,,High School,Student,6.76,164.0,331.0,124.0,90.0,6.0,6.3305997525454485,3.271158478203392,8.064911338488553,4.0,1.7527813466396194,8.9,47.0,0.0,Android,73.0,35.2
168.0,24.0,Male,Asia,Upper-Mid,Bachelor,Part-time/Shift,11.02,231.0,313.0,122.0,39.0,3.0,7.423249002384611,3.038712333042783,4.0,13.0,8.07887985080922,4.9,44.0,1.0,Laptop,84.0,51.0
169.0,22.0,Male,Europe,High,Bachelor,Student,12.48,224.0,417.0,170.0,90.0,3.0,4.766006483546857,2.9782793037250053,4.0,16.0,7.001216740897677,6.0,12.0,0.0,Laptop,63.0,57.0
170.0,35.0,Female,Africa,Upper-Mid,Bachelor,Part-time/Shift,11.85,222.0,204.0,37.0,67.0,,6.011101692046727,2.984933455605882,7.248962951130107,15.0,4.204180628409801,6.3,67.0,0.0,Tablet,57.0,51.3
171.0,27.0,Male,Europe,Upper-Mid,PhD,Full-time Employee,3.32,133.0,885.0,100.0,116.0,5.0,7.077577115405792,3.072124069222437,4.0,5.0,9.72065923325991,6.0,0.0,1.0,,56.0,36.68415185296776
172.0,30.0,Male,Africa,Upper-Mid,Bachelor,Part-time/Shift,4.65,103.0,210.0,14.0,0.0,5.0,6.69473895058118,3.1815988374425253,4.0,7.0,1.0,9.7,68.0,0.0,Android,57.0,23.8
173.0,,Male,North America,Upper-Mid,Bachelor,Unemployed_Looking,4.64,113.0,127.0,126.0,27.0,0.0,7.07549632269612,2.7513781167027145,5.0,7.0,1.0,8.5,72.0,0.0,iPhone,64.0,22.6
174.0,29.0,Female,Asia,Low,Bachelor,Full-time Employee,3.68,68.0,181.0,181.0,,6.0,7.318518213668383,,5.849809710677893,7.0,4.869812029126416,8.7,67.0,0.0,Laptop,68.0,17.4
175.0,,Female,Europe,Low,High School,Part-time/Shift,7.06,,90.0,385.0,88.0,5.0,7.128620922143811,3.216225252507295,5.153544479609523,10.0,2.6971956161905064,9.9,57.0,0.0,Laptop,68.0,28.2
176.0,32.0,Female,North America,Lower-Mid,High School,Unemployed_Looking,7.71,65.0,116.0,516.0,91.0,4.0,8.900078241033052,4.021626869140517,4.362136050546171,10.0,5.861260123184966,7.1,48.0,0.0,,73.0,25.1
177.0,24.0,,Africa,High,Bachelor,Full-time Employee,14.11,304.0,513.0,119.0,201.0,5.0,4.967213167375155,3.125502584440785,24.378365057592973,18.0,7.943609228820064,1.3,41.0,1.0,Tablet,65.0,70.3
178.0,40.0,Male,Europe,High,PhD,Unemployed_Looking,7.22,125.0,114.0,84.0,255.0,6.0,6.216191653139592,2.228027851608517,2.0,6.0,1.0,9.9,66.0,0.0,Laptop,80.0,29.6
179.0,19.0,Male,Asia,Lower-Mid,Bachelor,Full-time Employee,6.39,141.0,358.0,284.0,88.0,6.0,7.170252058453191,3.164922535258474,2.0,8.0,4.589224213874888,8.7,,0.0,Android,62.0,33.7
180.0,41.0,Female,Europe,High,Bachelor,Part-time/Shift,8.77,94.0,307.0,40.0,5.0,5.0,8.709585914150242,2.122429720870809,9.0060699227251,11.0,1.0,7.8,53.0,0.0,iPhone,92.0,35.3
181.0,21.0,Male,Europe,Lower-Mid,Bachelor,Student,4.8,121.0,162.0,131.0,0.0,2.0,9.7038497105626,4.916803221667725,4.0,1.0,1.0,9.8,50.0,0.0,iPhone,71.0,23.2
182.0,33.0,Female,,Lower-Mid,Bachelor,Part-time/Shift,6.5,124.0,192.0,15.0,278.0,7.0,,2.275307885559526,5.0,12.0,3.738606073721012,9.0,70.0,1.0,Android,56.0,
183.0,28.0,Female,South America,High,High School,Full-time Employee,7.85,147.0,301.0,157.0,294.0,0.0,6.129958162529038,2.797835914437316,9.775462034093106,11.0,9.341996801537755,8.8,41.59859976662777,0.0,iPhone,54.0,37.4
184.0,20.0,,South America,Lower-Mid,Bachelor,Student,9.03,215.0,476.0,161.0,7.0,2.0,6.214215487910173,1.8166095030535268,7.0,22.0,1.0951332266290017,7.2,22.0,0.0,Android,70.0,
185.0,15.0,Male,Europe,Low,High School,Part-time/Shift,1.87,66.0,225.0,269.0,76.0,1.0,8.537630998503028,3.868409649559285,5.0,7.0,10.0,6.2,36.0,0.0,iPhone,63.0,12.9
186.0,28.0,Female,,Low,Bachelor,,6.03,118.0,,145.0,83.0,3.0,7.859058873063373,2.005099648481935,4.937252817731681,2.0,7.0748472190087055,8.2,13.0,1.0,iPhone,72.0,37.5
187.0,38.0,Female,,Low,Bachelor,Part-time/Shift,4.52,80.0,607.0,90.0,90.0,4.0,7.216386164564722,4.023483588960064,0.9521929261318332,3.0,1.9660658279897647,8.7,14.0,0.0,iPhone,70.0,
188.0,20.0,Male,South America,Low,High School,Student,15.44,308.0,460.0,107.0,159.0,1.0,5.77495437963743,1.0,21.0,17.0,8.236066319967067,8.5,8.0,1.0,Tablet,64.0,72.1
189.0,38.0,Male,Africa,High,High School,Full-time Employee,5.59,93.0,259.0,135.0,149.0,2.0,7.379251272757045,2.7881416002822537,2.0,8.0,9.987385469360714,2.3,47.0,0.0,Laptop,57.0,27.2
190.0,15.0,Male,,Lower-Mid,High School,Student,4.62,140.0,1196.0,148.0,232.0,2.0,6.750925044656765,1.8523969805236848,2.0,2.0,7.070383079345659,4.7,,0.0,Laptop,,50.9
191.0,17.0,Male,Middle East,Lower-Mid,High School,Student,7.18,159.0,548.0,502.0,66.0,1.0,6.338070453031548,2.864629920297768,4.0,7.0,9.363926903424572,6.7,0.0,0.0,Laptop,61.0,41.9
192.0,30.0,Male,Middle East,Low,Master,Full-time Employee,8.16,138.0,,154.0,,3.0,6.924357060167975,2.969236088427201,4.0,8.0,10.0,2.4,0.0,0.0,Android,74.0,59.8
193.0,16.0,Male,North America,Low,High School,Student,8.02,121.0,216.0,83.0,196.0,4.0,7.644014100986776,2.110074062357485,6.0,14.0,4.904964872687579,6.3,72.0,0.0,iPhone,67.0,31.9
194.0,46.0,,Middle East,Low,Bachelor,Unemployed_Looking,4.85,116.0,182.0,13.0,120.0,3.0,7.957042851101498,3.9410468212099072,5.8892861659140125,5.0,1.1267329842150715,1.8,61.0,0.0,Laptop,53.0,26.2
195.0,27.0,,,,Bachelor,Unemployed_Looking,5.17,95.0,485.0,149.0,88.0,1.0,7.609198435178178,2.8476263955529464,,2.0,1.1598958860136597,2.5,9.0,0.0,Android,67.0,30.8
196.0,24.0,Female,Asia,Upper-Mid,Bachelor,Student,,74.0,73.0,385.0,34.0,1.0,7.923142579313484,1.7763961574433973,4.653806823902567,14.0,1.0,8.8,52.0,0.0,Laptop,65.29930112427833,18.5
197.0,39.0,Male,Europe,High,Master,Caregiver/Home,4.73,92.0,347.0,61.0,40.0,4.0,9.410587703270249,2.003646268027401,7.0,8.0,6.941787314630066,8.6,48.0,0.0,iPhone,56.0,27.4
198.0,26.0,Female,Europe,Upper-Mid,Master,Part-time/Shift,,234.0,325.0,250.0,188.0,5.0,7.300526302946451,3.126453301076117,17.685882867421313,14.0,4.788943583823562,4.4,37.0,0.0,Laptop,67.0,52.3
199.0,30.0,Female,South America,Lower-Mid,Bachelor,Full-time Employee,4.04,78.0,504.0,154.0,82.0,5.0,8.77146394880482,3.098561336368652,6.651519738985906,8.0,6.83231480991926,1.0,25.0,0.0,Laptop,65.29930112427833,27.5
200.0,31.0,Female,Africa,Low,Bachelor,Part-time/Shift,3.59,91.0,222.0,177.0,328.0,5.0,8.813515289892756,3.0546685544827903,,4.0,9.80923826957339,4.6,41.59859976662777,0.0,Laptop,54.0,20.8
201.0,17.0,Female,Asia,Low,High School,Student,5.36,148.0,124.0,63.0,183.0,7.0,5.868555260390817,2.2824632140923176,5.30221217200277,11.0,1.4992806240062402,9.4,70.0,0.0,Tablet,69.0,36.68415185296776
202.0,28.0,Male,Europe,Upper-Mid,Bachelor,Full-time Employee,10.52,241.0,138.0,235.0,32.0,2.0,5.863611624605928,1.897477501965941,7.0,12.0,2.1583105890244894,9.3,54.0,0.0,Tablet,71.0,47.0
203.0,22.0,Female,Africa,Lower-Mid,,Full-time Employee,4.82,133.0,111.0,154.0,166.0,0.0,6.557886825688028,3.7958043745256633,7.473146253542047,12.0,1.250549931411157,,75.0,0.0,Laptop,76.0,23.0
204.0,35.0,Male,Africa,Low,Bachelor,Caregiver/Home,10.88,204.0,164.0,76.0,38.0,6.0,7.578714602515447,2.258534589388062,9.0,10.0,3.730990135965859,7.0,56.0,0.0,Tablet,65.29930112427833,45.9
205.0,29.0,Female,South America,Upper-Mid,Bachelor,,5.07,95.0,134.0,165.0,,1.0,7.941461535050935,2.87326824750926,6.735196580544832,6.0,6.3602360825351845,6.9,54.0,0.0,Tablet,51.0,22.3
206.0,20.0,Female,Asia,Low,,Student,4.91,123.0,326.0,57.0,60.0,3.0,8.444298408667402,2.00805824966081,,7.0,8.01479764456307,2.9,37.0,0.0,Android,56.0,28.1
207.0,30.0,Male,Middle East,Upper-Mid,Bachelor,Full-time Employee,8.49,170.0,514.0,132.0,234.0,5.0,,1.1484402998821497,4.0,8.0,,9.1,41.59859976662777,0.0,Laptop,70.0,45.9
208.0,49.0,Male,Europe,Lower-Mid,Master,Part-time/Shift,7.47,64.0,1200.0,28.0,71.0,3.0,7.651309898808945,1.91059312941754,4.0,13.0,5.027120475288755,5.0,0.0,0.0,Tablet,70.0,53.8
209.0,22.0,Male,Africa,Low,Bachelor,Unemployed_Looking,6.76,196.0,113.0,187.0,229.0,3.0,,1.9795339846378983,,13.0,3.970721811698872,8.8,68.0,0.0,Tablet,70.0,
210.0,33.0,Male,South America,Low,Master,Full-time Employee,8.5,215.0,458.0,158.0,106.0,3.0,7.68088891522971,3.0018800636076755,4.0,13.0,6.084840220555671,5.3,16.0,0.0,Laptop,95.0,47.7
211.0,18.0,Female,Asia,Low,Bachelor,Student,5.58,163.0,301.0,162.0,202.0,4.0,,2.1247969158064146,10.468452250291298,8.0,6.918927542414314,7.8,35.0,0.0,Tablet,71.0,31.9
212.0,36.0,Female,South America,Low,PhD,Caregiver/Home,7.79,127.0,830.0,187.0,42.0,7.0,9.300560706877537,3.325893376214758,8.645015071038744,8.0,6.748009127962276,5.7,0.0,0.0,Tablet,76.0,49.1
213.0,22.0,Male,Asia,Low,Bachelor,Full-time Employee,4.72,79.0,468.0,49.0,58.0,4.0,7.661759586121357,4.113944190068164,6.0,3.0,4.02380580987033,9.7,36.0,0.0,Tablet,75.0,27.2
214.0,33.0,Male,Africa,High,Master,Full-time Employee,4.55,11.0,117.0,28.0,221.0,5.0,7.692987876536175,3.080209767366389,4.0,8.0,2.81200734372862,9.9,66.0,0.0,Android,72.0,13.2
215.0,,Female,Europe,Upper-Mid,Bachelor,Full-time Employee,6.03,142.0,237.0,167.0,0.0,7.0,7.492871265182833,3.2752580678207623,6.693534472685768,3.0,9.668476793266958,,65.0,0.0,Tablet,62.0,31.6
216.0,14.0,Male,North America,Low,High School,Student,6.49,127.0,544.0,226.0,98.0,5.0,7.65222602109492,3.1532771976177143,4.0,8.0,3.792794871354104,6.0,0.0,0.0,Tablet,73.0,36.8
,,Male,Africa,Upper-Mid,High School,Full-time Employee,,44.0,217.0,,202.0,3.0,,,6.0,,7.039996051158368,8.1,67.0,0.0,,57.0,14.4
218.0,46.0,Male,Europe,Upper-Mid,Bachelor,Caregiver/Home,7.77,150.0,259.0,33.0,79.0,1.0,7.297938277348439,2.8050096552556725,2.0,12.0,2.221390480895151,9.5,60.0,0.0,Tablet,63.0,37.7
219.0,22.0,Female,North America,Lower-Mid,Bachelor,Part-time/Shift,7.1,185.0,327.0,116.0,218.0,6.0,6.468121452125902,3.207572007573952,6.867677371583532,8.0,1.0,10.0,31.0,1.0,Android,,38.7
220.0,21.0,Male,North America,Lower-Mid,High School,,3.66,78.0,160.0,326.0,2.0,4.0,10.04647868028408,4.086282033638041,2.0,2.0,1.0,9.9,42.0,0.0,Laptop,66.0,17.0
221.0,19.0,Female,Middle East,Lower-Mid,High School,Student,4.83,90.0,334.0,73.0,0.0,3.0,,2.9157468333838783,5.758555968938026,4.0,7.101171356920445,9.4,48.0,0.0,Android,,24.3
222.0,16.0,Male,Middle East,Low,High School,Student,3.88,120.0,218.0,386.0,216.0,4.0,5.485115535963542,4.132295245829065,5.0,4.0,2.004521570318972,10.0,50.0,0.0,Laptop,46.0,22.6
223.0,38.0,Male,South America,Upper-Mid,High School,Full-time Employee,9.8,,297.0,142.0,147.0,5.0,7.549901783514444,2.087852857279267,3.0,14.0,1.0,9.6,19.0,0.0,Tablet,72.0,45.3
224.0,46.0,Female,Asia,Low,Master,Full-time Employee,12.27,275.0,826.0,12.0,75.0,3.0,7.185307035782743,1.0,21.089109075686828,25.0,8.08137997413193,4.5,0.0,1.0,Tablet,49.0,73.9
225.0,28.0,Female,Middle East,High,Bachelor,Part-time/Shift,6.98,128.0,346.0,57.0,,5.0,6.443519712301987,2.13231301236078,7.7986960177659315,12.0,1.0,7.6,,0.0,iPhone,60.0,34.6
226.0,41.0,Male,South America,Lower-Mid,Bachelor,Full-time Employee,7.37,112.0,214.0,210.0,168.0,6.0,7.079217375055401,2.2966172406501872,5.0,9.0,5.853818647511441,4.8,53.0,0.0,Android,76.0,31.5
227.0,37.0,Male,Europe,Low,High School,Full-time Employee,9.51,158.0,217.0,122.0,52.0,3.0,6.722966770881093,,6.0,15.0,1.1816323664810278,9.8,51.0,0.0,Android,,40.5
228.0,45.0,Male,Asia,Upper-Mid,Bachelor,Part-time/Shift,4.48,39.0,466.0,105.0,180.0,5.0,7.390932646135059,3.1693641890848325,6.0,3.0,9.805543415822063,7.2,29.0,0.0,Laptop,54.0,25.9
229.0,22.0,Female,North America,Low,Bachelor,Part-time/Shift,5.64,178.0,82.0,70.0,117.0,7.0,6.889787908743505,3.293648237243523,4.135883991394918,6.0,5.581572234611816,8.4,78.0,0.0,iPhone,58.0,28.5
230.0,,Female,South America,Low,Master,Full-time Employee,9.84,213.0,122.0,336.0,0.0,1.0,7.756025000386788,,6.614378636504021,12.0,2.2992981488364057,7.5,41.59859976662777,0.0,iPhone,72.0,42.8
231.0,19.0,Male,Europe,Low,High School,Part-time/Shift,5.24,100.0,526.0,103.0,97.0,5.0,6.2326238641302165,3.054564193454995,5.0,8.0,1.0,9.6,35.0,0.0,Tablet,58.0,32.0
232.0,25.0,Female,Europe,Upper-Mid,Master,Full-time Employee,7.11,157.0,1196.0,63.0,,1.0,7.561100407713013,1.699301774652409,3.420890369275764,10.0,4.234149531102935,9.7,0.0,0.0,Tablet,67.0,58.7
233.0,34.0,Male,,Upper-Mid,Master,Full-time Employee,3.25,,215.0,58.0,0.0,6.0,9.46735071527788,3.221507922453452,,8.0,1.0,7.7,56.0,0.0,iPhone,65.0,19.2
234.0,24.0,Male,Africa,Lower-Mid,Master,Student,13.62,301.0,187.0,83.0,211.0,4.0,5.129584077675505,1.1175524780549042,14.0,18.0,6.9552227374761255,2.0,72.0,0.0,Android,58.0,60.7
235.0,27.0,Male,Europe,Low,,Full-time Employee,5.39,107.0,128.0,295.0,0.0,1.0,7.930447592980635,3.8294777727890215,3.0,8.0,5.29442013965722,,,0.0,Laptop,86.0,22.7
236.0,31.0,,North America,Lower-Mid,Bachelor,Part-time/Shift,6.61,124.0,388.0,29.0,81.0,1.0,5.884999907416903,3.843451063900219,2.9592932093594584,2.0,1.3083709084462791,9.8,35.0,0.0,Android,71.0,34.4
237.0,34.0,Male,Asia,,Master,Full-time Employee,14.34,303.0,316.0,51.0,0.0,2.0,6.5973429183889705,,19.0,20.0,9.171735780262502,2.6,56.0,1.0,Tablet,45.0,67.2
238.0,44.0,Male,Africa,Low,Bachelor,Unemployed_Looking,7.11,115.0,331.0,102.0,36.0,2.0,7.3585403664847,2.9085940737164293,1.0,6.0,1.122103146605212,8.9,62.0,0.0,Laptop,67.0,34.8
239.0,16.0,Male,Asia,Low,High School,Student,6.53,216.0,47.0,142.0,241.0,3.0,6.288816461270095,1.9659076197257537,6.0,13.0,10.0,0.0,71.0,0.0,Laptop,58.0,32.4
240.0,23.0,Male,Middle East,Lower-Mid,Bachelor,Full-time Employee,,230.0,311.0,89.0,127.0,3.0,,1.931114134458632,3.0,12.0,10.0,0.0,51.0,0.0,Android,74.0,48.4
241.0,22.0,Female,Asia,Upper-Mid,High School,Student,1.79,48.0,124.0,66.0,247.0,4.0,7.683498700532428,4.153035646486497,10.214912929300793,0.0,1.8935728010669648,8.7,67.0,0.0,Android,57.0,9.4
242.0,20.0,Male,Asia,Lower-Mid,Bachelor,Part-time/Shift,6.49,150.0,152.0,440.0,31.0,5.0,7.930277910110763,2.1581370508923348,5.0,6.0,8.809801513523475,6.0,34.0,0.0,iPhone,64.0,29.6
243.0,28.0,Male,North America,Upper-Mid,High School,Part-time/Shift,14.57,288.0,316.0,144.0,206.0,3.0,,2.924860288945168,21.0,18.0,2.897601977747155,3.0,49.0,0.0,Tablet,70.0,65.1
244.0,30.0,Male,Asia,Low,Master,Full-time Employee,5.09,117.0,456.0,,63.0,1.0,7.256756179340625,3.753712704157557,5.0,4.0,3.2357258706688925,9.4,15.0,0.0,Laptop,74.0,31.8
245.0,23.0,Female,Africa,Low,Master,Student,3.57,74.0,274.0,109.0,37.0,1.0,7.709356436918653,3.874924273894064,12.097724902656088,,9.305380138193147,9.2,64.0,0.0,Android,53.0,19.9
246.0,44.0,Male,South America,Lower-Mid,Bachelor,Full-time Employee,1.52,27.0,183.0,170.0,0.0,2.0,9.232888992706757,4.84028364632396,3.0,3.0,1.0,9.1,54.0,0.0,Android,62.0,10.4
247.0,25.0,Male,Europe,Lower-Mid,Bachelor,Full-time Employee,4.45,100.0,176.0,219.0,55.0,3.0,6.651819360654118,3.0647320826162456,,6.0,1.1589326341836488,9.0,49.0,0.0,Tablet,60.0,21.6
248.0,33.0,Male,South America,Upper-Mid,PhD,Full-time Employee,6.94,86.0,149.0,42.0,0.0,4.0,6.042853575073258,2.914101878483357,3.0,10.0,3.909728649094887,8.2,74.0,0.0,Android,58.0,26.4
249.0,45.0,Female,Europe,Lower-Mid,Bachelor,Full-time Employee,9.53,183.0,445.0,,99.0,,7.380497609295975,2.963285491033876,,7.0,10.0,1.2,9.0,1.0,Laptop,83.0,48.8
250.0,13.0,Female,Africa,Low,High School,Student,6.56,153.0,199.0,68.0,8.0,3.0,7.282014186233804,2.996385115299233,2.79995165802582,,1.0,9.9,74.0,0.0,Tablet,69.0,36.68415185296776
251.0,24.0,Male,Africa,High,Bachelor,Student,2.59,98.0,,208.0,11.0,5.0,8.363287463448385,4.137739383087495,7.0,0.0,4.011682344750125,9.4,48.0,1.0,,52.0,20.0
252.0,16.0,Female,Europe,Lower-Mid,High School,Student,12.22,250.0,232.0,140.0,163.0,3.0,7.691944828664089,1.0,16.37448058040959,17.0,8.048860739634565,1.9,38.0,1.0,iPhone,74.0,53.0
253.0,30.0,Male,Europe,Lower-Mid,Bachelor,,6.42,83.0,398.0,131.0,127.0,5.0,8.144648457605745,3.2263461543643523,4.0,7.0,5.74071880977801,9.3,31.0,0.0,Tablet,86.0,30.2
254.0,13.0,Male,Africa,Lower-Mid,High School,Student,4.91,128.0,613.0,493.0,140.0,5.0,6.943350154290872,4.167162604854712,2.0,4.0,5.892088084355555,8.2,2.0,0.0,iPhone,75.0,34.7
255.0,43.0,Female,North America,Upper-Mid,Master,Unemployed_Looking,9.9,120.0,428.0,141.0,0.0,2.0,6.896037526719087,2.846995550699604,10.274073636804438,10.0,5.293050546951641,4.6,30.0,1.0,Android,50.0,44.6
256.0,20.0,Male,North America,Lower-Mid,,Full-time Employee,14.36,307.0,341.0,183.0,0.0,2.0,6.065493350976936,1.0,19.0,21.0,3.117988461656035,1.3,54.0,0.0,iPhone,60.0,66.5
257.0,17.0,Male,Europe,Low,High School,Student,3.51,,90.0,112.0,167.0,3.0,7.826428576243644,1.9809052353985,5.0,2.0,10.0,1.8,47.0,0.0,Laptop,78.0,16.6
258.0,13.0,Male,North America,Lower-Mid,High School,Student,8.06,134.0,68.0,336.0,0.0,3.0,6.566490050705641,1.971986818064264,1.0,,4.135577744763467,9.3,59.0,0.0,Android,58.0,29.3
,28.0,Male,Africa,Upper-Mid,Master,Full-time Employee,7.81,157.0,139.0,54.0,196.0,5.0,6.995013039101288,3.055816260065876,5.0,9.0,1.0,9.4,80.0,0.0,,69.0,33.5
260.0,25.0,Male,Europe,Low,Bachelor,Full-time Employee,4.57,,378.0,18.0,159.0,2.0,9.027502549980538,3.88938605487026,3.0,4.0,7.153837040272051,1.0,,0.0,Tablet,73.0,27.0
261.0,16.0,Male,Europe,Low,High School,,5.2,152.0,29.0,172.0,130.0,6.0,7.556211501133073,3.182997573877699,0.0,2.0,,9.7,63.0,0.0,Android,56.0,23.4
262.0,24.0,Male,Europe,Lower-Mid,Master,Part-time/Shift,13.38,279.0,269.0,71.0,184.0,0.0,5.191063841627979,1.0,16.0,16.0,9.3503157108911,6.7,41.0,1.0,Android,64.0,60.2
263.0,20.0,Female,Asia,Lower-Mid,Bachelor,Student,5.69,131.0,216.0,74.0,0.0,5.0,8.544712616808186,2.168105842517071,8.6002096698399,8.0,9.860941820397343,1.9,69.0,0.0,iPhone,33.0,28.6
264.0,16.0,Male,Middle East,Lower-Mid,High School,Student,4.2,110.0,404.0,61.0,141.0,,8.95813695821271,5.0,6.0,0.0,10.0,3.1,40.0,0.0,Tablet,55.0,27.0
265.0,43.0,Female,Europe,Lower-Mid,Master,Part-time/Shift,5.02,75.0,145.0,181.0,,3.0,7.97590941383915,3.017484826559599,4.9455200444647085,1.0,3.063995104185077,9.8,56.0,0.0,Laptop,62.0,21.7
266.0,34.0,Female,Europe,Low,Master,Unemployed_Looking,14.76,289.0,320.0,228.0,0.0,4.0,7.212679772357706,1.0158529808463823,25.16611919399226,24.0,9.900374004892896,1.0,30.0,1.0,Tablet,53.0,66.9
267.0,29.0,Male,North America,Upper-Mid,Bachelor,Unemployed_Looking,9.47,139.0,460.0,34.0,258.0,7.0,7.418946635968447,3.310024705569627,1.0,12.0,3.655658440321092,5.9,22.0,0.0,iPhone,81.0,43.9
268.0,20.0,Female,South America,Upper-Mid,Bachelor,Full-time Employee,3.88,99.0,472.0,139.0,128.0,0.0,7.465981853953018,4.735541800025461,12.97368136589747,4.0,4.425624880151612,,18.0,0.0,iPhone,51.0,27.6
269.0,33.0,Male,Europe,Upper-Mid,Master,Full-time Employee,3.88,107.0,395.0,82.0,68.0,4.0,9.041452062871013,2.985318570606348,5.0,2.0,6.961135446729301,7.7,42.0,0.0,Tablet,61.0,27.2
270.0,17.0,Male,Europe,Lower-Mid,High School,Student,11.14,207.0,437.0,160.0,166.0,2.0,7.999131593986847,1.0,9.0,19.0,7.076897389311099,0.0,31.0,0.0,iPhone,66.0,52.4
271.0,31.0,Male,North America,High,Bachelor,Full-time Employee,,295.0,148.0,,48.0,5.0,7.762595047366129,1.2246432788305366,8.0,9.0,1.0,5.6,39.0,,Laptop,79.0,53.8
272.0,20.0,Male,Europe,Upper-Mid,Bachelor,Student,3.74,116.0,,113.0,0.0,6.0,7.499952831149457,5.0,7.0,0.0,,9.8,55.0,0.0,Tablet,51.0,24.3
273.0,50.0,Male,South America,Lower-Mid,Bachelor,Full-time Employee,8.16,175.0,118.0,,13.0,1.0,8.38579339647291,3.732561953561348,3.0,10.0,2.139663791903618,8.9,75.0,0.0,Android,77.0,37.2
274.0,41.0,Male,Asia,,High School,Full-time Employee,5.78,84.0,407.0,223.0,131.0,4.0,8.832843307020891,4.053438451893324,4.0,11.0,5.763312400424851,8.6,16.0,1.0,Android,65.0,30.7
275.0,14.0,,South America,Lower-Mid,High School,Student,,319.0,268.0,33.0,32.0,3.0,7.099881488588595,,16.0,26.0,5.157926128356675,6.418568102444702,55.0,0.0,Tablet,55.0,66.3
276.0,30.0,Female,North America,Upper-Mid,High School,,5.88,134.0,187.0,115.0,9.0,2.0,7.199954450265255,1.0,4.270693422972757,5.0,4.184705578875915,4.5,,0.0,iPhone,70.0,36.68415185296776
277.0,40.0,Female,Europe,Low,High School,Caregiver/Home,5.14,93.0,,16.0,,,6.910439772592074,,3.0347118199023377,6.0,1.0,10.0,68.0,0.0,Laptop,67.0,21.5
278.0,37.0,Male,North America,Upper-Mid,Bachelor,Caregiver/Home,0.76,21.0,461.0,283.0,37.0,4.0,8.48999887723483,4.043379515664156,8.0,,4.844621284325979,7.7,12.0,0.0,iPhone,59.0,14.6
279.0,19.0,Male,Asia,Lower-Mid,High School,Full-time Employee,6.55,140.0,268.0,187.0,0.0,3.0,9.094869842608864,2.9554821614483435,2.0,1.0,1.0,5.7,,0.0,iPhone,66.0,31.7
,,Male,Europe,Low,High School,Student,4.32,88.0,257.0,206.0,65.0,2.0,7.376019272712616,3.8815440160635992,4.0,4.0,10.0,0.3,28.0,0.0,Laptop,,21.5
281.0,43.0,Male,North America,Low,High School,Full-time Employee,4.02,62.0,896.0,122.0,0.0,0.0,8.925197908703062,4.732800168667977,1.0,2.0,10.0,5.7,0.0,0.0,Laptop,66.0,37.2
282.0,16.0,Female,Europe,Low,High School,Student,4.65,76.0,113.0,,163.0,7.0,6.794407381003866,,5.961165468506277,6.0,4.725170740971019,9.7,42.0,0.0,Android,72.0,17.3
283.0,44.0,,North America,High,Bachelor,Caregiver/Home,10.27,217.0,152.0,26.0,0.0,3.0,8.307969576682346,1.0,9.073546664206464,9.0,1.0,9.7,72.0,0.0,Laptop,,45.9
284.0,24.0,Male,Middle East,Low,Bachelor,Part-time/Shift,,129.0,213.0,214.0,,3.0,7.010509777760006,4.028975322075867,4.0,4.0,5.0055927830588125,4.5,59.0,,Android,53.0,29.7
285.0,29.0,Female,Europe,Low,Bachelor,Full-time Employee,10.19,204.0,568.0,32.0,121.0,3.0,7.426065731545327,1.0,12.975424713528712,,5.007040320666336,3.6,8.0,0.0,Tablet,86.0,53.7
286.0,23.0,Male,South America,,Bachelor,Student,4.21,93.0,313.0,164.0,76.0,7.0,8.461759462998268,4.299931104336625,4.0,0.0,9.45001031539452,0.0,44.0,0.0,Tablet,45.0,24.2
287.0,20.0,Male,Middle East,Lower-Mid,Bachelor,Student,1.97,73.0,145.0,51.0,26.0,2.0,7.993993787578058,2.9064198287027514,5.0,6.0,10.0,9.0,49.0,0.0,iPhone,63.0,
,33.0,Male,Asia,Lower-Mid,Master,,12.66,251.0,486.0,360.0,143.0,4.0,6.353313827041951,1.0680260423206536,4.0,17.0,9.9517152187958,6.418568102444702,9.0,1.0,Android,,62.2
289.0,20.0,Male,Europe,Upper-Mid,High School,Student,5.62,144.0,150.0,214.0,115.0,4.0,6.942310290019565,3.993234118482972,7.0,2.0,1.915240231629496,8.6,,0.0,Tablet,68.0,26.8
290.0,21.0,Male,Europe,Low,Bachelor,Student,5.57,144.0,349.0,179.0,77.0,5.0,6.988012105094141,2.0480176537070585,0.0,8.0,3.9265326006832657,,33.0,0.0,iPhone,59.0,32.1
291.0,18.0,Female,North America,Low,,Student,4.75,134.0,131.0,,205.0,6.0,8.308902030181786,3.1822596792968096,2.6765444851595266,6.0,1.0,9.1,61.0,0.0,Tablet,63.0,23.4
292.0,29.0,Male,Africa,Lower-Mid,Master,Full-time Employee,5.6,176.0,412.0,200.0,194.0,5.0,7.704907795872871,2.1515952385554984,3.0,11.0,,8.8,30.0,0.0,Android,60.0,37.2
293.0,19.0,Female,Asia,Low,Bachelor,Full-time Employee,7.82,247.0,454.0,68.0,164.0,,6.108755313741521,3.015527524964177,9.068368581718282,4.0,9.862765981835311,0.4,33.0,0.0,Android,65.29930112427833,48.7
294.0,35.0,Female,North America,Lower-Mid,Bachelor,Full-time Employee,9.28,245.0,404.0,17.0,208.0,4.0,6.121498734943564,2.034178950652932,8.551774699866188,13.0,3.9084630438344186,8.8,42.0,0.0,Android,73.0,51.8
295.0,14.0,Female,Europe,Low,High School,Student,4.72,161.0,373.0,95.0,177.0,2.0,6.681535868409432,2.998520601831855,6.066268985304372,6.0,1.1491899604947426,9.8,35.0,1.0,Android,69.0,31.3
296.0,36.0,Female,,Low,High School,Full-time Employee,4.17,48.0,831.0,111.0,137.0,4.0,,2.959653824097666,5.652350169542082,2.0,4.965167724121051,0.0,0.0,0.0,Tablet,58.0,34.3
297.0,23.0,Female,Europe,Upper-Mid,Bachelor,Student,3.88,89.0,215.0,124.0,0.0,7.0,8.270443562650962,3.2538272493326423,3.6203007429442575,,,9.7,57.0,1.0,iPhone,74.0,19.8
298.0,18.0,Female,Europe,Low,Bachelor,Full-time Employee,11.48,147.0,361.0,63.0,103.0,4.0,3.811887895548807,3.1467552217665893,12.396402850886082,16.0,9.860578183403751,4.3,57.0,0.0,Android,68.0,36.68415185296776
299.0,46.0,Female,Europe,Low,Master,,10.26,175.0,470.0,31.0,0.0,1.0,7.543951773883193,1.8100411539478567,10.05463799623998,12.0,5.385185772584811,,37.0,0.0,iPhone,,50.9
300.0,19.0,Male,Asia,Lower-Mid,High School,,11.77,252.0,109.0,36.0,132.0,0.0,5.758517969055287,1.0,13.0,,2.549749290075272,6.4,88.0,0.0,Laptop,71.0,49.3
301.0,22.0,Male,Africa,Lower-Mid,High School,Full-time Employee,9.97,221.0,108.0,209.0,102.0,4.0,5.458161019770204,1.1103634641884488,7.0,13.0,7.942229575966705,6.5,56.0,1.0,Laptop,65.29930112427833,43.1
302.0,,Male,North America,Lower-Mid,High School,Student,8.33,190.0,235.0,237.0,,,6.7192640470016975,1.2943404709522228,6.0,11.0,2.550685638467441,6.8,57.0,0.0,Laptop,59.0,39.0
,33.0,Male,Asia,Low,PhD,Full-time Employee,7.3,131.0,490.0,142.0,229.0,5.0,6.139275851977319,3.114394242182451,4.0,2.0,3.942290114570516,5.9,13.0,0.0,Android,72.0,39.4
304.0,32.0,Male,Africa,Upper-Mid,Bachelor,Full-time Employee,5.34,143.0,439.0,206.0,104.0,3.0,7.0573614247936405,3.9816588210930095,5.0,7.0,1.0,9.1,14.0,0.0,Tablet,71.0,34.4
305.0,32.0,Female,Asia,Lower-Mid,Master,Part-time/Shift,6.76,125.0,203.0,150.0,90.0,3.0,6.902786525681504,3.939134934271996,9.16316664915574,4.0,,8.8,63.0,0.0,Android,65.29930112427833,36.68415185296776
306.0,39.0,Female,Europe,Upper-Mid,Bachelor,Full-time Employee,,100.0,345.0,373.0,151.0,6.0,7.958315882223122,4.160819752387005,2.173948504059274,6.0,1.0,8.6,29.0,0.0,Tablet,66.0,28.2
307.0,26.0,Male,Africa,High,High School,Full-time Employee,7.7,170.0,,130.0,0.0,6.0,6.547524426286357,2.206014459149672,3.0,11.0,1.0,8.1,50.0,1.0,Laptop,78.0,36.4
308.0,27.0,Male,Asia,Upper-Mid,High School,Student,16.14,293.0,225.0,220.0,173.0,7.0,4.403939103698832,1.2410291011243668,4.0,23.0,9.588826129195368,2.6,54.0,1.0,Laptop,59.0,67.2
,18.0,Male,North America,Lower-Mid,High School,Student,9.81,237.0,166.0,154.0,225.0,6.0,6.243760626622593,2.2122289711212333,5.0,10.0,4.648607159624204,9.8,71.0,0.0,Android,70.0,44.8
310.0,17.0,,Europe,Lower-Mid,High School,Student,6.34,156.0,182.0,386.0,14.0,2.0,7.114793625345644,1.9098760595180928,4.635015363818249,7.0,1.144804715606057,9.9,28.0,,Laptop,63.0,30.2
311.0,50.0,Male,South America,Low,Bachelor,Caregiver/Home,12.94,276.0,208.0,,71.0,6.0,5.045013919760537,2.254347328333989,15.0,17.0,9.71991509937192,0.0,38.0,1.0,Android,63.0,59.7
312.0,44.0,Female,Europe,,Bachelor,Full-time Employee,15.19,,295.0,107.0,0.0,7.0,4.974263908373841,1.3479751984040087,24.28288025968142,22.0,9.561521529947353,2.5,45.0,0.0,Tablet,76.0,64.0
313.0,22.0,Female,North America,Lower-Mid,Bachelor,Student,5.52,104.0,320.0,227.0,82.0,3.0,7.060510311567605,3.951753549659522,4.874784039016554,6.0,1.0,10.0,16.0,0.0,iPhone,73.0,27.6
314.0,17.0,Female,Europe,Lower-Mid,High School,Student,11.93,240.0,178.0,69.0,212.0,4.0,4.216284613701341,1.0768957487348465,16.26865745597088,14.0,9.912298724783843,5.6,72.0,,Laptop,73.0,50.2
315.0,23.0,Female,South America,Low,Master,Full-time Employee,6.56,125.0,182.0,97.0,88.0,1.0,6.980966432937818,3.836897259857936,4.425323256171201,6.0,1.0,8.8,48.0,1.0,iPhone,78.0,28.2
316.0,27.0,Male,North America,Low,Bachelor,Full-time Employee,7.31,176.0,320.0,35.0,99.0,5.0,8.623898580218082,3.14820059772545,0.0,8.0,1.0,2.4,55.0,0.0,Laptop,65.0,38.6
317.0,28.0,,Middle East,Upper-Mid,High School,Full-time Employee,5.77,130.0,302.0,219.0,130.0,3.0,8.142307875084382,2.948067404193612,5.120011584996313,5.0,2.103255639608041,7.2,31.0,1.0,Android,72.0,30.5
318.0,22.0,Male,Africa,Lower-Mid,Bachelor,Student,4.53,78.0,284.0,119.0,102.0,3.0,7.574979512254281,3.920636984117929,2.0,2.0,,8.0,44.0,0.0,Android,62.0,
319.0,18.0,Male,Europe,Lower-Mid,Bachelor,Full-time Employee,13.07,295.0,491.0,100.0,102.0,1.0,4.233224069406306,1.8373711820009464,18.0,8.0,9.296027672355237,7.0,,1.0,iPhone,68.0,65.8
320.0,30.0,Female,Asia,Upper-Mid,Bachelor,Part-time/Shift,8.36,211.0,564.0,135.0,24.0,0.0,7.704017382172017,2.6470433158412074,7.131702945641355,8.0,6.467845752359865,7.5,28.0,0.0,Tablet,64.0,50.6
321.0,20.0,Female,Asia,Low,High School,Part-time/Shift,5.02,,214.0,121.0,0.0,2.0,8.40053132850241,3.878763759515961,5.761578851573395,4.0,5.054241088094492,2.3,55.0,0.0,Laptop,66.0,21.8
322.0,49.0,,North America,Low,PhD,,3.47,61.0,173.0,121.0,87.0,3.0,8.823804083040624,4.8443588239587045,5.919745256309108,7.0,1.0,9.6,71.0,0.0,Android,71.0,17.9
323.0,32.0,Female,Africa,Low,Master,Part-time/Shift,12.34,293.0,274.0,297.0,60.0,5.0,4.899569365239102,1.0649895407667378,13.03296372235377,22.0,6.965317688111098,2.7,27.0,1.0,Tablet,57.0,60.0
324.0,14.0,Female,Middle East,Lower-Mid,High School,Student,6.76,172.0,257.0,69.0,91.0,,6.311139933890592,1.0,11.465101848334232,21.0,1.336232754685045,4.6,57.0,0.0,Laptop,86.0,36.68415185296776
325.0,35.0,Female,Middle East,Low,Bachelor,Part-time/Shift,8.65,124.0,443.0,285.0,24.0,0.0,7.0488266233578845,1.7872226543323244,8.605941829528982,11.0,1.0,7.4,13.0,0.0,,55.0,36.68415185296776
326.0,17.0,Male,,,High School,Student,6.26,126.0,293.0,305.0,68.0,7.0,6.6986767009634,3.3259843503483806,2.0,9.0,9.59499060037728,0.3,45.0,0.0,Android,53.0,30.6
327.0,22.0,Female,Africa,Upper-Mid,Bachelor,Full-time Employee,3.34,97.0,395.0,138.0,13.0,2.0,8.192645134511878,3.864458996952264,6.534919593335843,0.0,1.0,9.6,46.0,0.0,,77.0,23.6
,23.0,Female,Asia,,Bachelor,Full-time Employee,10.39,,608.0,49.0,63.0,2.0,5.950802842764285,2.928624220900864,13.351113908251463,14.0,4.934423309079667,7.6,6.0,0.0,iPhone,73.0,63.9
329.0,21.0,Female,Middle East,Lower-Mid,Bachelor,Full-time Employee,,245.0,289.0,134.0,124.0,5.0,5.397508177680142,1.1761908101036709,14.309011353068524,18.0,6.930968635278168,4.0,41.0,0.0,Tablet,65.29930112427833,53.3
330.0,28.0,Female,North America,Upper-Mid,,Part-time/Shift,9.4,174.0,435.0,234.0,53.0,2.0,8.235756512003299,1.8841224887256405,8.255867877882523,12.0,1.0,9.7,6.0,0.0,Tablet,71.0,46.2
331.0,43.0,Male,Africa,High,Master,Full-time Employee,4.37,78.0,438.0,216.0,206.0,6.0,,3.1424753983207245,5.0,9.0,2.7440259751731224,,41.59859976662777,0.0,Tablet,65.0,27.8
332.0,46.0,Male,Asia,,Master,Full-time Employee,8.27,158.0,791.0,257.0,102.0,3.0,6.747271514716647,1.0,5.0,9.0,8.019200976717629,8.4,0.0,0.0,Tablet,56.0,53.3
333.0,,Male,South America,Low,Master,Full-time Employee,5.76,70.0,424.0,25.0,,5.0,9.639060413890329,4.126915041676044,3.0,4.0,1.0,7.1,53.0,0.0,Android,66.0,30.2
334.0,32.0,Male,Asia,Upper-Mid,High School,Full-time Employee,5.89,97.0,317.0,69.0,0.0,2.0,8.529776197557478,,2.0,6.0,10.0,4.1,52.0,0.0,Android,58.0,29.1
335.0,37.0,Male,North America,Low,High School,Full-time Employee,4.42,45.0,923.0,58.0,214.0,5.0,,3.1501620015811493,7.0,3.0,1.0,5.0,0.0,,Android,75.0,36.6
336.0,40.0,Male,Europe,Low,,Unemployed_Looking,9.33,206.0,291.0,115.0,64.0,7.0,7.227876558035312,1.305569541843285,8.0,18.0,4.698081820563801,8.2,42.0,1.0,Tablet,64.0,46.4
337.0,23.0,Female,Europe,Lower-Mid,Bachelor,Full-time Employee,9.83,188.0,974.0,110.0,171.0,2.0,6.625026046815019,1.914407866139085,8.138404221059515,14.0,10.0,,0.0,0.0,iPhone,57.0,62.1
338.0,15.0,Male,Middle East,Lower-Mid,High School,Student,4.66,152.0,140.0,,0.0,0.0,,3.746332598809232,4.0,1.0,10.0,1.0,75.0,0.0,Android,65.29930112427833,24.7
339.0,46.0,Female,,Lower-Mid,Master,Unemployed_Looking,15.71,267.0,91.0,200.0,261.0,5.0,6.4087494254400825,1.1683018136904002,20.31359189876303,,9.749485071079912,0.0,71.0,0.0,Tablet,69.0,62.0
340.0,30.0,Male,Asia,Upper-Mid,High School,Full-time Employee,6.64,174.0,299.0,107.0,51.0,4.0,6.89941420626637,2.042958616944241,6.0,11.0,3.026458659938233,8.8,56.0,,Android,59.0,36.7
341.0,18.0,Male,South America,Lower-Mid,Bachelor,Full-time Employee,8.4,256.0,217.0,331.0,7.0,2.0,6.140042703389179,2.9022449865129243,4.0,6.0,6.260928460276052,6.9,60.0,0.0,Android,57.0,44.8
342.0,19.0,Male,South America,Lower-Mid,Bachelor,Full-time Employee,6.75,142.0,156.0,140.0,93.0,3.0,7.034429011285028,2.952153360528858,4.0,9.0,1.0,9.3,73.0,,Laptop,67.0,
343.0,34.0,Male,South America,Upper-Mid,Master,Part-time/Shift,9.59,245.0,356.0,68.0,107.0,,8.682233285055792,2.182469344750312,7.0,14.0,4.757135913090455,,37.0,0.0,Android,67.0,51.4
344.0,29.0,Male,Asia,,Bachelor,Full-time Employee,2.77,70.0,262.0,162.0,,7.0,8.86517311039166,4.358491430666271,2.0,4.0,1.0,,40.0,0.0,Tablet,60.0,17.7
345.0,31.0,Female,Middle East,High,Bachelor,Full-time Employee,12.69,236.0,215.0,49.0,92.0,5.0,,1.029621226858326,18.52345339090891,23.0,9.72697875864906,0.0,56.0,1.0,Android,60.0,54.3
346.0,32.0,Male,Europe,Upper-Mid,Master,Part-time/Shift,3.68,96.0,270.0,324.0,188.0,3.0,8.359695556900402,2.015878374198848,9.0,0.0,,3.7,17.0,0.0,Laptop,67.0,22.3
,32.0,Female,North America,Upper-Mid,Bachelor,Full-time Employee,4.75,128.0,259.0,150.0,124.0,0.0,6.537516281981628,3.701359400178577,5.587610031568621,9.0,2.302109258464472,8.9,50.0,1.0,iPhone,51.0,27.8
348.0,21.0,Female,Middle East,Lower-Mid,Bachelor,Student,6.81,142.0,185.0,50.0,102.0,2.0,7.52967110491212,1.0,8.618758937423022,13.0,2.997751389755388,6.1,82.0,0.0,Android,51.0,30.9
349.0,31.0,Female,Asia,Lower-Mid,Bachelor,Full-time Employee,,80.0,1154.0,341.0,45.0,3.0,9.764733725077798,3.985119248944405,9.64734382107783,0.0,9.121842973878383,9.7,0.0,0.0,Tablet,58.0,40.8
350.0,24.0,Female,North America,,Bachelor,Full-time Employee,,117.0,61.0,126.0,87.0,1.0,7.759014060920741,3.737790606930069,5.211420611645739,9.0,2.194638820891793,9.7,79.0,0.0,Tablet,63.0,
351.0,16.0,Female,Europe,,High School,Student,9.26,150.0,267.0,168.0,102.0,7.0,5.9044036156532,1.250777795530857,5.919462107908078,8.0,1.0,8.9,50.0,0.0,Android,68.0,38.6
352.0,26.0,Female,Europe,Low,Bachelor,Part-time/Shift,10.57,158.0,268.0,42.0,222.0,4.0,6.3116822397217,3.009468036012243,7.865969712135297,12.0,5.001306354276944,4.9,38.0,0.0,,80.0,36.68415185296776
353.0,29.0,Male,Middle East,,Bachelor,Unemployed_Looking,5.95,99.0,173.0,33.0,96.0,3.0,9.267962445339336,1.96097046183188,2.0,12.0,1.0,8.8,60.0,1.0,iPhone,65.29930112427833,25.0
354.0,15.0,Female,Europe,Lower-Mid,High School,Student,8.91,160.0,268.0,225.0,,4.0,8.313667200290324,3.0117181339298584,6.516881387096513,10.0,9.979797367957197,2.2,59.0,0.0,iPhone,,36.68415185296776
355.0,33.0,Male,South America,Lower-Mid,Bachelor,Unemployed_Looking,4.58,65.0,286.0,160.0,69.0,7.0,7.788871828039831,4.371634883410131,6.0,6.0,1.0,8.8,44.0,0.0,iPhone,65.0,22.4
356.0,36.0,Female,Africa,Lower-Mid,High School,Unemployed_Looking,8.37,136.0,370.0,180.0,83.0,2.0,6.8094276841939605,2.982006556969274,5.037916988735764,12.0,1.292420370577418,8.0,38.0,0.0,Laptop,55.0,40.1
357.0,13.0,Male,Asia,Low,High School,Student,10.59,167.0,227.0,37.0,198.0,3.0,7.732273269628852,1.0,8.0,,6.040729534821398,5.5,57.0,0.0,Tablet,65.0,42.0
358.0,,Male,Asia,Upper-Mid,Bachelor,Student,5.39,77.0,263.0,311.0,112.0,2.0,8.939654780896927,3.9193718663826633,5.0,6.0,2.167946893283661,8.1,44.0,0.0,Android,62.0,24.0
359.0,39.0,Female,Africa,Upper-Mid,Master,Full-time Employee,8.42,141.0,337.0,45.0,136.0,6.0,8.845350352756325,2.254627477485288,7.243585867234923,9.0,1.0,8.4,51.0,0.0,Android,68.0,39.7
360.0,,Male,South America,,Bachelor,Full-time Employee,6.7,131.0,221.0,181.0,65.0,2.0,7.44783368974417,1.919304991263932,3.0,9.0,3.069299137612008,8.4,59.0,0.0,Android,65.29930112427833,30.6
361.0,30.0,Male,,Low,High School,Full-time Employee,10.53,225.0,169.0,78.0,45.0,4.0,7.202669434972236,2.019019343683308,11.0,9.0,9.968950322920897,0.0,,1.0,Laptop,70.0,46.6
362.0,31.0,Female,Middle East,Low,Bachelor,Full-time Employee,6.05,182.0,512.0,20.0,153.0,1.0,7.12009528208954,1.8000663094396911,5.328777552324307,6.0,3.2677062962782784,9.6,35.0,0.0,Tablet,,40.9
363.0,18.0,Male,Europe,Low,Bachelor,Part-time/Shift,4.96,158.0,426.0,132.0,226.0,,6.699525289429674,2.014511285599008,4.0,8.0,1.0,8.5,22.0,0.0,iPhone,64.0,33.4
364.0,23.0,Female,South America,Lower-Mid,Master,Part-time/Shift,15.26,280.0,123.0,215.0,184.0,3.0,5.530824461867026,1.0,23.5895988216368,27.0,9.92220536284312,4.0,60.0,0.0,Laptop,65.29930112427833,60.8
365.0,16.0,Male,North America,Low,High School,Part-time/Shift,5.33,72.0,1193.0,54.0,64.0,3.0,5.709836338763876,1.911542123307776,5.0,8.0,2.93568565335895,5.7,0.0,0.0,Laptop,72.0,46.3
366.0,46.0,Male,North America,Lower-Mid,High School,Caregiver/Home,13.26,222.0,108.0,191.0,,7.0,6.887574740865782,1.2858395080464398,17.0,16.0,9.7069187651964,0.9,59.0,0.0,Tablet,61.0,53.1
367.0,,Female,Middle East,Low,Bachelor,Full-time Employee,13.09,300.0,70.0,71.0,217.0,2.0,3.761120623452901,1.817015645579123,24.2221225572378,18.0,10.0,,78.0,1.0,Tablet,67.0,56.1
368.0,25.0,Male,South America,Upper-Mid,,Full-time Employee,6.46,114.0,435.0,75.0,0.0,3.0,5.386563337570603,1.962033647029728,5.0,,2.010166816691087,10.0,39.0,0.0,,65.0,34.1
369.0,41.0,Female,North America,Lower-Mid,Master,Caregiver/Home,4.11,,140.0,23.0,309.0,6.0,6.629942500449841,4.149265221076421,7.0,1.0,1.833768146658846,9.7,62.0,1.0,Tablet,65.29930112427833,19.8
370.0,14.0,Male,Africa,Lower-Mid,High School,Student,,,83.0,147.0,26.0,4.0,4.895772775491872,1.062265836427463,20.0,14.0,5.84099459729723,9.6,65.0,0.0,iPhone,57.0,57.7
371.0,33.0,Female,Asia,Lower-Mid,Bachelor,Unemployed_Looking,0.88,41.0,141.0,92.0,148.0,,10.713517137650609,4.93806939669399,8.0,0.0,1.0,1.5,56.0,1.0,Android,65.0,7.9
372.0,41.0,Female,North America,High,High School,Part-time/Shift,9.89,188.0,162.0,304.0,270.0,2.0,6.770866322501425,1.9066847485381035,10.352397525938812,13.0,6.08229101218931,1.9,56.0,0.0,Android,70.0,42.8
373.0,42.0,Male,Europe,Low,High School,Full-time Employee,6.53,174.0,1093.0,19.0,25.0,3.0,,3.0261194111593737,6.0,11.0,7.166724978838437,6.1,0.0,0.0,Laptop,80.0,57.2
374.0,19.0,,Asia,,Bachelor,Part-time/Shift,8.21,120.0,137.0,99.0,,4.0,,2.1313973651431284,6.0,11.0,1.090237322262736,8.2,60.0,0.0,Laptop,75.0,30.3
375.0,29.0,Female,Europe,Upper-Mid,Bachelor,Part-time/Shift,4.37,49.0,346.0,,146.0,3.0,8.650943357773906,2.84564014529011,9.7738305166969,,4.097404558377328,7.9,35.0,0.0,Laptop,87.0,21.1
376.0,45.0,Female,North America,Low,Bachelor,Unemployed_Looking,6.68,55.0,214.0,36.0,25.0,0.0,5.858713408271663,1.6906767392571709,4.5630122840924585,9.0,3.419488852664526,8.2,67.0,0.0,Android,57.0,26.0
377.0,15.0,Male,South America,Low,High School,Part-time/Shift,4.9,90.0,365.0,145.0,250.0,4.0,8.397244823067703,5.0,3.0,,1.8843382419879244,6.9,49.0,0.0,iPhone,65.29930112427833,25.4
,39.0,Male,Asia,Lower-Mid,Master,Caregiver/Home,4.91,80.0,254.0,28.0,172.0,2.0,9.870990893214008,1.9151721220634503,6.0,6.0,4.299578637426508,9.0,57.0,0.0,Laptop,67.0,24.1
379.0,19.0,Male,Asia,Lower-Mid,Bachelor,Student,14.29,290.0,261.0,215.0,213.0,7.0,4.792940922310174,1.2090612239204408,17.0,21.0,9.632643768177804,2.9,56.0,0.0,Laptop,87.0,62.0
,14.0,Female,Europe,Lower-Mid,High School,Student,8.82,232.0,836.0,76.0,34.0,4.0,6.416542817266518,3.002820397997882,6.89291476999198,12.0,6.999015463372122,6.9,0.0,0.0,Laptop,,59.2
381.0,27.0,Male,Africa,Lower-Mid,Bachelor,Part-time/Shift,11.77,188.0,528.0,99.0,34.0,2.0,7.059583230400456,1.0,14.0,12.0,4.135350363372488,5.3,32.0,,Tablet,57.0,55.8
382.0,22.0,Male,Middle East,Upper-Mid,Bachelor,,3.51,93.0,622.0,120.0,26.0,2.0,9.267749205724446,2.89640014322071,6.0,0.0,1.0,9.8,0.0,0.0,Android,59.0,29.9
383.0,16.0,Female,Asia,Low,High School,,4.22,112.0,243.0,108.0,199.0,5.0,8.23325905895008,4.150690582255655,6.397853686330593,,1.0,9.1,45.0,0.0,Tablet,44.0,23.5
384.0,28.0,Male,South America,Low,Bachelor,Full-time Employee,1.38,42.0,223.0,200.0,134.0,6.0,8.173910625866256,3.2338780918758148,8.0,5.0,4.760918820337186,8.4,53.0,0.0,Android,60.0,
385.0,18.0,Female,North America,Low,Bachelor,Part-time/Shift,,174.0,926.0,206.0,108.0,0.0,9.289127153918438,2.749316165606653,9.0,9.0,5.472928111617817,,0.0,0.0,iPhone,57.0,53.6
386.0,32.0,Female,Asia,Upper-Mid,Master,Unemployed_Looking,5.2,63.0,134.0,71.0,45.0,3.0,9.30744572443398,2.981723140572709,,6.0,1.0,9.7,74.0,0.0,Tablet,67.0,19.7
387.0,25.0,Male,Europe,Lower-Mid,Master,,10.21,78.0,207.0,79.0,,6.0,5.715662238685976,2.214481294197728,8.0,13.0,5.649871603044274,6.6,50.0,0.0,Laptop,68.0,34.0
388.0,23.0,Male,North America,Low,Bachelor,Full-time Employee,11.36,241.0,268.0,608.0,158.0,1.0,5.093629930468256,2.8455092420338364,8.0,15.0,9.203637781972896,4.0,32.0,1.0,Tablet,84.0,36.68415185296776
389.0,,Male,Asia,Lower-Mid,High School,Student,11.65,317.0,162.0,121.0,133.0,3.0,7.551978169389115,1.0,7.0,17.0,1.0,7.5,64.0,1.0,Tablet,75.0,55.5
390.0,45.0,Female,Europe,Lower-Mid,Master,Caregiver/Home,10.25,177.0,119.0,,31.0,2.0,7.739207603721618,1.0,8.808429919273305,15.0,2.0936723411906986,9.2,17.0,0.0,iPhone,59.0,42.3
391.0,,Male,Africa,Low,Bachelor,Part-time/Shift,3.75,,,319.0,0.0,5.0,6.3812614510516665,2.0215855593906347,1.0,8.0,1.0,9.5,24.0,0.0,Laptop,56.0,24.6
392.0,17.0,Female,Europe,Lower-Mid,High School,Student,6.43,124.0,201.0,441.0,50.0,5.0,7.628935802666421,3.0778515710894263,10.591670844443708,0.0,5.920367146630094,8.4,38.0,0.0,Laptop,70.0,28.0
393.0,21.0,Female,Asia,Low,Bachelor,Student,4.17,78.0,415.0,,68.0,4.0,7.435326192467428,2.0405869785053854,7.9627452726857,5.0,4.887177036550262,7.9,59.0,0.0,iPhone,52.0,25.1
394.0,29.0,Male,Asia,Low,,Full-time Employee,,126.0,156.0,25.0,0.0,4.0,8.387209642065867,3.085555662892385,5.0,6.0,9.94182206203945,1.1,76.0,0.0,Laptop,83.0,29.0
395.0,31.0,Female,North America,Upper-Mid,Bachelor,Full-time Employee,4.87,111.0,137.0,10.0,181.0,5.0,8.333323061532662,3.98204631739467,11.579916629367824,3.0,1.0,6.418568102444702,70.0,0.0,,77.0,22.6
396.0,26.0,Male,,Lower-Mid,High School,Full-time Employee,10.13,237.0,167.0,391.0,188.0,6.0,6.7387295768469215,2.210288089334317,5.0,15.0,9.670688675932476,1.7,31.0,1.0,iPhone,60.0,46.6
397.0,21.0,Female,South America,Low,Bachelor,Student,9.18,231.0,313.0,137.0,154.0,3.0,6.977297030753006,2.0116601267119214,9.11181743703813,20.0,4.153343457649853,6.7,31.0,0.0,Laptop,48.0,47.5
398.0,29.0,Female,North America,Low,,Unemployed_Looking,12.73,304.0,720.0,98.0,275.0,1.0,5.337151490410006,1.0,16.14026963146821,19.0,10.0,0.6,9.0,1.0,Android,79.0,72.3
399.0,30.0,Female,South America,Low,PhD,Full-time Employee,6.05,149.0,,64.0,190.0,7.0,7.086884446108861,3.2567124662032945,4.15373602901207,13.0,2.632158088915572,9.9,19.0,0.0,Tablet,64.0,36.0
400.0,33.0,Female,Middle East,High,High School,Full-time Employee,4.32,47.0,285.0,15.0,53.0,4.0,7.913180701661627,3.0368832539901414,10.532012458491357,6.0,9.95045605872627,6.6,45.0,0.0,iPhone,77.0,
401.0,35.0,Female,Europe,Lower-Mid,Bachelor,Full-time Employee,6.54,205.0,71.0,17.0,93.0,6.0,5.472641882824198,5.0,3.841858431525315,6.0,4.713400557728989,3.1,84.0,0.0,Android,49.0,34.1
402.0,23.0,Female,South America,Lower-Mid,Master,Unemployed_Looking,3.76,101.0,916.0,52.0,102.0,3.0,,3.952406642064832,,,2.933526491283396,9.6,0.0,0.0,Tablet,59.0,38.8
403.0,15.0,Female,Europe,Lower-Mid,High School,Student,3.05,97.0,262.0,631.0,290.0,3.0,8.724160379511368,3.9204490472047127,3.106982422002349,1.0,1.106944904494231,8.7,0.0,0.0,Laptop,65.0,19.2
404.0,39.0,Male,Africa,Lower-Mid,Bachelor,Caregiver/Home,6.95,123.0,252.0,124.0,210.0,5.0,8.26652402330028,3.087347053811105,5.0,9.0,1.8837346377139,9.8,40.0,0.0,Android,65.0,32.6
405.0,27.0,Female,South America,High,PhD,Full-time Employee,8.38,145.0,294.0,277.0,25.0,1.0,7.637319629293073,2.8339899336490366,6.896858101360757,15.0,1.1962597343158785,6.4,49.0,1.0,iPhone,60.0,37.9
406.0,35.0,Male,Europe,Upper-Mid,Bachelor,Full-time Employee,,323.0,321.0,155.0,11.0,5.0,4.825643258801317,3.138390430598288,21.0,24.0,9.88085276066356,0.7,36.0,1.0,Android,71.0,70.6
407.0,45.0,Female,Africa,Low,Bachelor,Full-time Employee,6.53,143.0,1201.0,159.0,0.0,0.0,5.579356280677004,1.0,3.956462611816659,10.0,9.386810689636247,9.8,0.0,1.0,Tablet,54.0,58.3
408.0,29.0,Male,South America,Upper-Mid,High School,Full-time Employee,1.72,49.0,156.0,27.0,258.0,3.0,8.901814360601009,2.9827410942261765,6.0,0.0,6.934830528716265,8.6,48.0,0.0,iPhone,64.0,
409.0,24.0,Male,Europe,Lower-Mid,Master,Student,6.29,148.0,189.0,123.0,191.0,3.0,5.1869714519451176,2.0072573047985145,3.0,14.0,9.968965187179446,3.3,57.0,1.0,iPhone,66.0,30.1
410.0,44.0,Male,Middle East,Upper-Mid,PhD,Full-time Employee,5.34,101.0,180.0,162.0,141.0,2.0,8.352534549744174,,4.0,5.0,1.0,9.0,49.0,1.0,Android,70.0,25.4
411.0,15.0,Female,South America,Lower-Mid,High School,Part-time/Shift,9.43,275.0,449.0,133.0,32.0,3.0,6.156287095486079,1.8849545437478288,5.9067591537399045,10.0,2.062032795156518,5.0,22.0,0.0,Laptop,72.0,54.1
412.0,49.0,Male,North America,Low,PhD,Unemployed_Looking,3.24,64.0,67.0,131.0,158.0,3.0,8.981008285552079,3.929324892220417,5.0,0.0,1.0,9.0,70.0,0.0,Tablet,54.0,15.3
413.0,,Female,Asia,High,,Full-time Employee,7.17,151.0,296.0,159.0,43.0,4.0,6.958059970555449,2.0403562204633907,6.2045594287010495,12.0,9.862088570922332,2.0,40.0,0.0,iPhone,50.0,36.9
414.0,22.0,,North America,Upper-Mid,Bachelor,Student,5.86,153.0,,177.0,96.0,3.0,,,3.0,9.0,5.99604799649592,6.3,0.0,,Android,78.0,48.7
415.0,,Female,Africa,Low,High School,Student,4.05,67.0,186.0,144.0,85.0,0.0,8.06838605747311,2.6988819152599586,5.999633397990779,4.0,4.32125971234197,2.8,50.0,0.0,Laptop,68.0,17.1
416.0,19.0,Male,Europe,Lower-Mid,Bachelor,Student,10.67,146.0,358.0,80.0,80.0,1.0,7.032081613447147,1.0,7.0,10.0,2.1826281739928355,8.7,34.0,0.0,Tablet,58.0,44.5
417.0,39.0,Male,Europe,Lower-Mid,PhD,Full-time Employee,5.73,96.0,603.0,36.0,225.0,6.0,8.593037605181534,4.310691723945939,0.0,3.0,1.0,9.2,14.0,0.0,iPhone,81.0,36.0
418.0,20.0,Male,Asia,Lower-Mid,Bachelor,Full-time Employee,8.01,116.0,111.0,,0.0,7.0,6.810011958469966,3.300887046907254,3.0,13.0,1.702429130741173,6.9,64.0,0.0,iPhone,65.29930112427833,29.2
419.0,27.0,Female,Asia,Upper-Mid,Bachelor,Student,11.0,170.0,589.0,177.0,165.0,7.0,6.720539695266459,1.2957960007380778,9.720425317336607,15.0,9.688878761638026,4.8,4.0,,Android,77.0,53.4
420.0,35.0,Female,North America,Lower-Mid,High School,Unemployed_Looking,12.25,172.0,175.0,362.0,11.0,3.0,7.468843350253363,3.014513187496352,16.64289181488467,14.0,6.935419064200605,9.1,66.0,0.0,Laptop,66.0,47.0
421.0,29.0,Male,Africa,Lower-Mid,,Unemployed_Looking,5.07,77.0,77.0,39.0,77.0,3.0,8.714359806891109,3.878748386980962,5.0,1.0,9.048184403990248,6.418568102444702,86.0,0.0,Android,86.0,18.3
422.0,29.0,Male,Asia,Low,PhD,Full-time Employee,14.01,241.0,1202.0,217.0,148.0,4.0,5.077809639248295,1.0533484653598133,18.0,18.0,9.85858758599896,5.5,0.0,1.0,Laptop,65.29930112427833,82.1
423.0,24.0,Female,North America,Low,Master,Student,5.24,62.0,184.0,351.0,160.0,6.0,8.265717081955192,4.260646096804785,9.115391273881094,0.0,9.696815548099998,2.7,37.0,0.0,Laptop,63.0,20.3
424.0,22.0,Female,Middle East,Lower-Mid,Bachelor,Student,9.41,247.0,229.0,81.0,179.0,5.0,7.005864011882543,2.099651962074596,7.675348536154335,16.0,1.0,10.0,59.0,0.0,Tablet,75.0,46.5
425.0,38.0,,Middle East,Upper-Mid,High School,Full-time Employee,9.66,126.0,275.0,34.0,37.0,3.0,6.534120794141296,1.0,10.0442142713608,18.0,3.003052763087724,8.1,46.0,0.0,,71.0,36.68415185296776
426.0,28.0,Female,Africa,Lower-Mid,Bachelor,Part-time/Shift,4.82,90.0,,147.0,60.0,1.0,8.388575132327977,2.8029808070426294,1.6416114857690909,5.0,1.0,8.4,77.0,0.0,iPhone,79.0,18.8
427.0,37.0,Female,North America,Low,High School,Part-time/Shift,3.63,89.0,161.0,64.0,0.0,0.0,9.066516830485844,3.729352172290764,6.035913229153149,1.0,1.0,9.9,,0.0,iPhone,55.0,19.6
428.0,17.0,Male,,Lower-Mid,High School,Student,7.5,175.0,134.0,154.0,99.0,4.0,7.404265734364652,2.00649240424212,3.0,10.0,1.0,8.5,74.0,0.0,Tablet,,33.1
429.0,34.0,Male,Africa,Low,High School,Full-time Employee,5.78,100.0,1199.0,81.0,0.0,1.0,6.191286138347616,2.917079151350166,,8.0,10.0,2.6,0.0,0.0,Laptop,76.0,51.3
430.0,23.0,Female,Europe,Lower-Mid,Bachelor,Student,6.77,123.0,274.0,44.0,25.0,7.0,7.45909620034324,3.26764413007777,2.73885255328641,11.0,4.69473022434125,9.1,66.0,0.0,Tablet,47.0,31.7
431.0,44.0,Male,Middle East,Lower-Mid,Master,Full-time Employee,14.3,,215.0,249.0,112.0,1.0,5.819559272332693,1.0,21.0,22.0,10.0,2.9,30.0,1.0,Tablet,53.0,62.4
432.0,29.0,Female,North America,,High School,Unemployed_Looking,3.15,39.0,782.0,131.0,165.0,3.0,8.868832398021889,3.967359308787604,9.313476428044666,0.0,3.976269667030312,8.8,3.0,0.0,Android,45.0,29.6
433.0,24.0,Male,Asia,Lower-Mid,Bachelor,Unemployed_Looking,9.18,157.0,104.0,130.0,326.0,0.0,6.914203487132455,1.7777794758360848,10.0,11.0,3.4725639019411094,8.9,76.0,0.0,Laptop,62.0,35.8
434.0,43.0,,South America,Low,Master,Full-time Employee,6.3,125.0,539.0,122.0,189.0,4.0,6.266576984782824,2.052795730787804,6.128363145935734,11.0,2.950285537255955,9.0,13.0,0.0,,72.0,38.7
435.0,17.0,Female,Africa,Low,High School,Student,4.45,83.0,157.0,91.0,231.0,2.0,5.827112628314625,3.9164354271465767,,1.0,10.0,1.5,67.0,1.0,Android,80.0,18.4
436.0,29.0,Female,South America,High,Bachelor,Unemployed_Looking,8.6,207.0,828.0,122.0,187.0,1.0,5.28014509825485,1.7686955578309604,6.662099314185204,12.0,,7.5,5.0,1.0,iPhone,66.0,57.4
437.0,18.0,Male,North America,Low,High School,Student,9.83,181.0,248.0,126.0,342.0,5.0,7.359208740359357,1.2061940842548269,7.0,14.0,,7.3,37.0,0.0,,81.0,41.9
438.0,15.0,Female,,Low,High School,Student,9.36,203.0,198.0,150.0,66.0,6.0,6.139886289089313,1.2397798569273313,13.502091233897964,10.0,2.6610860330493544,7.5,43.0,0.0,Laptop,51.0,42.0
439.0,20.0,Female,Middle East,Low,Bachelor,Student,4.6,89.0,268.0,102.0,100.0,2.0,6.868538940239257,,1.8845129355211656,0.0,10.0,1.9,64.0,0.0,iPhone,48.0,36.68415185296776
440.0,14.0,Male,Asia,Lower-Mid,High School,Student,6.62,117.0,379.0,241.0,223.0,3.0,7.962017840956819,3.990298406364893,3.0,3.0,1.0,8.7,27.0,0.0,iPhone,64.0,32.3
441.0,34.0,Female,Asia,Upper-Mid,High School,,,50.0,870.0,136.0,173.0,,9.283469535341492,5.0,5.603823894872045,0.0,8.13775446354641,9.6,0.0,0.0,Tablet,69.0,
442.0,31.0,,Middle East,Upper-Mid,High School,Full-time Employee,14.63,297.0,503.0,119.0,84.0,3.0,3.903528151904493,,5.690281317326126,14.0,,2.3,19.0,1.0,Laptop,65.0,71.2
443.0,33.0,Female,Europe,Upper-Mid,Bachelor,Full-time Employee,7.62,180.0,381.0,53.0,162.0,5.0,,2.1072391411001727,,10.0,3.914206916084803,2.2,44.0,0.0,Tablet,44.0,42.3
444.0,20.0,Male,,Upper-Mid,Bachelor,Student,12.78,250.0,1196.0,69.0,38.0,3.0,5.26581298551899,1.039364404518936,13.0,17.0,8.134318214629104,3.0,0.0,1.0,iPhone,64.0,79.7
445.0,26.0,Female,Europe,Lower-Mid,Bachelor,Part-time/Shift,7.53,137.0,249.0,148.0,114.0,0.0,7.129406293324884,1.8103735413150583,10.147215188189374,11.0,5.323681212257984,5.8,45.0,0.0,Android,52.0,34.3
446.0,,Male,Europe,High,High School,Full-time Employee,7.97,,241.0,67.0,194.0,2.0,8.782354522920373,2.8348024511584224,6.0,13.0,1.0,7.2,67.0,0.0,Laptop,72.0,37.0
447.0,32.0,Male,Asia,Lower-Mid,Bachelor,Full-time Employee,9.1,175.0,161.0,,0.0,3.0,7.404060717094872,1.0,3.0,15.0,5.033142451440511,8.3,40.0,0.0,Laptop,69.0,39.1
448.0,14.0,Female,North America,Lower-Mid,High School,Student,8.19,186.0,662.0,129.0,219.0,4.0,7.813450995344517,,8.991578119943789,14.0,2.86094575655306,3.9,6.0,0.0,Laptop,65.29930112427833,
449.0,16.0,Female,Middle East,Low,,Student,7.76,,171.0,191.0,0.0,2.0,7.668865463691825,3.8573041576761335,6.055673998258897,12.0,6.156988908506887,9.7,51.0,0.0,Tablet,60.0,32.7
450.0,32.0,Female,North America,Lower-Mid,Master,Full-time Employee,8.86,168.0,,,14.0,7.0,5.335903763995615,2.30582093389594,8.79139489641522,11.0,3.701795818295885,7.0,74.0,,Tablet,54.0,37.4
451.0,22.0,Female,South America,Upper-Mid,Bachelor,Student,7.85,157.0,723.0,214.0,310.0,0.0,6.517339299830219,1.7894345905691305,6.133803744335982,9.0,9.343366903048253,2.7,,0.0,Android,64.0,48.1
452.0,36.0,Female,North America,Lower-Mid,Bachelor,Part-time/Shift,4.36,130.0,526.0,0.0,232.0,,8.203398272571102,4.994623498405344,6.282609301200005,3.0,1.049279107537773,8.2,,0.0,Android,75.0,36.68415185296776
453.0,31.0,Male,Europe,Lower-Mid,,Full-time Employee,7.97,200.0,236.0,100.0,101.0,4.0,5.955109837522002,2.035949395841941,5.0,8.0,6.9232589929182735,8.2,67.0,1.0,Android,,
454.0,23.0,,Europe,Low,Bachelor,Full-time Employee,,69.0,129.0,52.0,0.0,3.0,6.85677092909011,2.997783433737893,3.0,7.0,1.1014977061401696,8.3,70.0,0.0,Android,70.0,20.0
455.0,21.0,Female,Europe,Upper-Mid,High School,Full-time Employee,11.61,246.0,433.0,106.0,152.0,6.0,6.743406932717032,3.193695496852364,12.161821048229148,17.0,2.664318334415058,3.5,41.0,0.0,Laptop,60.0,57.2
456.0,27.0,Female,Middle East,Upper-Mid,Bachelor,Full-time Employee,7.07,141.0,127.0,59.0,19.0,5.0,8.295667691681212,2.152415376971181,10.810753135073238,5.0,,7.1,79.0,,Tablet,57.0,30.3
,34.0,Male,Asia,Lower-Mid,PhD,Full-time Employee,6.26,99.0,320.0,112.0,267.0,4.0,7.780205642879543,3.1217483033606794,1.0,4.0,2.9684361509661734,9.7,36.0,0.0,Laptop,64.0,30.3
458.0,44.0,Male,North America,Lower-Mid,PhD,Full-time Employee,7.19,112.0,284.0,111.0,159.0,3.0,7.558623146638389,1.868182391776093,2.0,8.0,1.1163062540497932,9.1,35.0,1.0,Android,55.0,33.8
459.0,22.0,Male,South America,Lower-Mid,Bachelor,Part-time/Shift,14.95,232.0,103.0,78.0,193.0,3.0,4.956341929477083,3.0119029896681364,21.0,27.0,10.0,0.3,73.0,1.0,Android,59.0,55.6
460.0,29.0,Male,Africa,Upper-Mid,High School,,4.16,92.0,133.0,119.0,124.0,6.0,8.629516000496409,3.134741559452886,5.0,0.0,2.66652248632068,7.8,87.0,0.0,Android,53.0,19.8
461.0,27.0,Male,Middle East,Upper-Mid,Bachelor,Student,14.18,167.0,316.0,81.0,,7.0,3.0950998617471406,1.3529953346553905,21.0,8.0,4.520427099974225,1.4,45.0,0.0,Laptop,85.0,
462.0,13.0,Male,Middle East,Lower-Mid,High School,Student,8.6,149.0,1131.0,189.0,19.0,2.0,6.511037913865027,1.860304450650733,5.0,14.0,10.0,3.6,0.0,0.0,Laptop,65.0,58.8
463.0,20.0,Female,North America,Upper-Mid,Bachelor,Part-time/Shift,6.55,164.0,658.0,290.0,26.0,4.0,7.149577471642442,2.991041449457569,,16.0,2.9420849584509168,7.2,0.0,0.0,iPhone,,44.0
464.0,29.0,Female,North America,Low,Bachelor,Full-time Employee,4.24,93.0,825.0,157.0,207.0,,7.192662487125548,2.926919192498814,5.364573666486308,8.0,5.133728948261498,1.0,0.0,0.0,,67.0,37.2
465.0,31.0,Male,Africa,Lower-Mid,PhD,Full-time Employee,11.66,131.0,584.0,88.0,37.0,1.0,6.353789849004822,1.0,11.0,17.0,10.0,5.2,14.0,1.0,,64.0,36.68415185296776
466.0,14.0,Male,Europe,Low,High School,Part-time/Shift,2.78,67.0,239.0,314.0,191.0,5.0,7.081526708534121,3.081850316786568,4.0,0.0,4.748509776552625,3.8,45.0,1.0,Android,63.0,15.4
467.0,15.0,Male,North America,Lower-Mid,High School,Student,8.9,238.0,194.0,214.0,196.0,2.0,6.533531684612271,1.8295057432859567,2.0,8.0,1.285795320164362,9.0,58.0,0.0,Tablet,71.0,43.2
468.0,29.0,Female,Middle East,Lower-Mid,,Full-time Employee,5.76,,97.0,156.0,117.0,4.0,7.67786272107377,2.0425509439633287,3.7171970308713753,1.0,1.0,7.4,41.59859976662777,0.0,Android,73.0,21.9
469.0,30.0,Male,North America,Upper-Mid,,Full-time Employee,8.88,137.0,89.0,32.0,88.0,5.0,8.124968697373285,2.071605314426092,3.0,10.0,7.677408145937462,0.0,90.0,0.0,Tablet,60.0,33.6
470.0,33.0,Female,Africa,Upper-Mid,High School,Part-time/Shift,3.07,55.0,327.0,186.0,52.0,0.0,8.075893812097114,2.6793127953046785,5.593427631049864,7.0,1.3424818623866552,8.3,41.0,0.0,Android,59.0,19.1
471.0,20.0,Female,South America,Upper-Mid,Bachelor,Full-time Employee,4.45,116.0,,247.0,80.0,0.0,6.792773006111729,4.738167483471932,5.471943416047388,6.0,,9.5,30.0,0.0,Tablet,62.0,27.2
472.0,24.0,Male,Middle East,Upper-Mid,Bachelor,Student,8.75,206.0,477.0,83.0,75.0,4.0,6.4107072529863975,4.003631436625138,3.0,8.0,6.901562239591745,7.2,45.0,0.0,iPhone,42.0,48.9
473.0,32.0,,South America,High,Master,Full-time Employee,5.59,115.0,,129.0,0.0,3.0,8.425618304986305,,11.288429781039078,5.0,5.919297217046082,5.0,39.0,0.0,iPhone,50.0,31.5
474.0,24.0,Male,Asia,,Master,Student,7.64,113.0,113.0,41.0,145.0,4.0,7.25599404139266,2.126432198132066,0.0,14.0,2.9176054796724493,9.0,74.0,0.0,Android,79.0,
475.0,38.0,Male,North America,Upper-Mid,Master,Full-time Employee,8.8,175.0,103.0,115.0,108.0,3.0,6.65486321540189,3.964612603996106,,10.0,2.968705710433817,9.7,49.0,0.0,Laptop,81.0,37.0
476.0,15.0,Male,Europe,Lower-Mid,High School,Student,7.02,177.0,,108.0,,5.0,7.285457087605446,3.13831721503393,4.0,4.0,4.863598936174169,,56.0,0.0,Android,63.0,36.1
477.0,16.0,Female,Europe,Lower-Mid,High School,Student,7.36,174.0,461.0,84.0,52.0,2.0,8.559789567102557,2.993060567786151,11.940604221342774,9.0,10.0,9.0,36.0,0.0,Tablet,71.0,
478.0,33.0,Male,Africa,Upper-Mid,Master,Full-time Employee,2.96,81.0,146.0,100.0,308.0,4.0,8.111081796978882,2.992544962469025,5.0,3.0,1.0,8.7,,,iPhone,68.0,
479.0,32.0,Female,North America,Lower-Mid,Bachelor,Full-time Employee,7.5,178.0,155.0,208.0,136.0,,6.800973000793173,3.031602134500172,6.361590308663874,10.0,3.980815175935902,,54.0,1.0,Laptop,95.0,34.6
480.0,13.0,Female,Africa,,High School,Student,5.16,96.0,274.0,138.0,92.0,3.0,7.528176153024106,2.025583254636759,6.477542132145013,8.0,5.097810897553709,,37.0,0.0,Android,76.0,23.9
481.0,31.0,Male,Africa,Upper-Mid,High School,Part-time/Shift,7.48,127.0,365.0,49.0,0.0,7.0,6.674994423328196,4.334294816086857,6.0,4.0,9.542520525565193,5.8,26.0,,Tablet,64.0,36.4
482.0,39.0,Female,Africa,Lower-Mid,Master,Unemployed_Looking,7.32,93.0,528.0,50.0,176.0,3.0,4.942841092796614,2.0366277672777664,7.374589971672408,11.0,8.950706849478914,9.6,47.0,1.0,iPhone,55.0,38.2
483.0,29.0,Male,Middle East,Low,,Full-time Employee,,22.0,56.0,91.0,115.0,4.0,8.998622771718196,4.065953766635824,7.0,6.0,,6.0,83.0,0.0,iPhone,49.0,11.3
484.0,36.0,Female,Asia,Upper-Mid,Bachelor,Caregiver/Home,8.47,193.0,444.0,45.0,19.0,3.0,6.89830346942418,1.942893899961172,9.67147476817717,9.0,1.0654425893818034,8.4,37.0,0.0,Tablet,,46.7
485.0,31.0,Female,Europe,Lower-Mid,Bachelor,Full-time Employee,10.69,205.0,76.0,,44.0,3.0,7.769182617051064,1.026769039302163,10.180268550314768,18.0,8.062012117906551,6.5,70.0,1.0,Tablet,57.0,43.5
486.0,28.0,Female,Africa,High,Master,Part-time/Shift,6.72,166.0,681.0,45.0,22.0,1.0,7.18097118424643,2.868913198133263,7.243952558927273,11.0,5.195581534172852,2.7,10.0,0.0,Tablet,51.0,46.1
487.0,41.0,Male,North America,High,Master,Full-time Employee,15.58,284.0,109.0,204.0,137.0,3.0,5.663004267313406,1.027306069815799,16.0,25.0,10.0,3.4,68.0,0.0,Android,59.0,63.5
488.0,25.0,Female,North America,Low,Bachelor,Full-time Employee,8.82,214.0,376.0,90.0,218.0,0.0,5.484515707638428,2.734611548066822,5.776616394295631,15.0,6.4789886654645965,8.0,27.0,0.0,iPhone,54.0,46.9
489.0,23.0,Male,Asia,Upper-Mid,Bachelor,Full-time Employee,10.5,,,167.0,150.0,4.0,7.716219499239145,3.0161152926572266,8.0,11.0,9.852841829662683,0.8,57.0,0.0,Android,82.0,46.1
490.0,26.0,Male,Asia,Upper-Mid,High School,Student,7.17,133.0,1119.0,190.0,166.0,2.0,7.947461459242812,2.901723843849957,2.0,6.0,4.987652949753329,2.8,0.0,0.0,Tablet,74.0,54.6
491.0,,Female,Middle East,Low,Bachelor,Full-time Employee,3.36,25.0,268.0,46.0,137.0,5.0,9.204926545097802,5.0,6.878317538884084,,2.860659830144762,3.8,38.0,0.0,Android,65.0,36.68415185296776
492.0,15.0,Male,Middle East,Low,High School,Student,3.4,105.0,228.0,138.0,61.0,4.0,9.669390354285628,4.103142607830892,3.0,6.0,,9.0,69.0,0.0,Tablet,80.0,19.4
493.0,16.0,Male,Europe,Low,High School,Student,5.66,112.0,87.0,100.0,190.0,1.0,6.496660021725108,4.7907872811938885,6.0,0.0,2.193503209657968,9.1,72.0,1.0,Android,66.0,22.3
494.0,16.0,Male,North America,Lower-Mid,High School,Student,3.29,85.0,170.0,,4.0,5.0,9.772726813246791,4.14757830674102,3.0,3.0,1.0,9.1,57.0,1.0,Android,56.0,16.8
495.0,35.0,Male,Europe,Upper-Mid,High School,Unemployed_Looking,3.49,95.0,122.0,148.0,265.0,4.0,7.484039383409911,4.986486103113595,6.0,6.0,6.997904653789647,9.3,60.0,0.0,Laptop,80.0,17.9
496.0,29.0,Male,Africa,Low,Bachelor,Part-time/Shift,3.02,85.0,230.0,65.0,131.0,2.0,7.904675652583744,3.941403236294669,4.0,,5.967130116883757,9.1,46.0,0.0,Tablet,65.29930112427833,18.4
497.0,40.0,Female,Europe,High,High School,Full-time Employee,7.18,135.0,107.0,20.0,22.0,4.0,6.249183904087532,4.01275958050164,,6.0,1.0,8.6,77.0,0.0,Android,55.0,30.8
498.0,24.0,Male,Europe,Upper-Mid,Master,Student,,,52.0,80.0,150.0,3.0,7.769541749882472,3.011303142719712,4.0,8.0,2.2226807988409023,8.9,76.0,0.0,Tablet,63.0,
499.0,19.0,,Middle East,Low,Bachelor,Student,4.45,103.0,1198.0,82.0,0.0,3.0,6.633811729462506,2.9145751458716265,4.0,5.0,10.0,3.1,0.0,0.0,Laptop,56.0,
500.0,42.0,Male,South America,High,High School,Full-time Employee,6.76,226.0,338.0,15.0,145.0,2.0,4.894865451139673,2.943726526466077,21.0,14.0,10.0,0.2,62.0,0.0,iPhone,51.0,36.68415185296776
