device_hours_per_day,sleep_hours,study_mins,depression_score,id,anxiety_score,region,physical_activity_days,stress_level,gender,focus_score,high_risk_flag,social_media_mins,education_level,productivity_score,notifications_per_day,daily_role,sleep_quality,income_level,phone_unlocks,happiness_score,age,device_type,digital_dependence_score
3.54,9.12379996856656,34.0,5.0,1.0,9.926651431001652,Asia,7.0,6.593288791385255,Female,23.0,0.0,98.0,High School,70.0,332.60,Part-time/Shift,3.353627229065094,High,45.0,8.0,40.0,Android,25.7
5.65,8.83751689466956,102.0,4.0,2.0,6.72,Africa,2.0,4.126925580981799,Male,35.0,0.0,174.0,Master,64.0,393.0,Full-time Employee,2.90814688427508,Lower-Mid,147.04,8.1,27.0,,30.1
8.87,6.486743490405938,140.0,8.0,3.0,4.0,North America,1.0,1.4291394113837326,Male,15.0,0.0,595.0,Bachelor,65.29930112427833,231.0,Full-time Employee,2.8892134520710853,Lower-Mid,181.0,7.6,31.0,Android,40.6
4.05,7.600503916041014,121.0,9.0,4.0,7.093357303296108,Middle East,3.44,4.995511514530647,Female,28.0,1.0,18.0,Master,80.0,268.0,Caregiver/Home,3.097488132489784,Low,94.0,7.8,27.67,Tablet,36.68415185296776
13.07,5.197962143808271,60.0,15.0,5.0,7.028125485306799,Europe,1.0,9.448757290004147,Female,43.21,0.20,147.0,Bachelor,64.94,91.0,Full-time Employee,2.786098466055896,Lower-Mid,199.0,4.2,26.0,Android,48.4
7.30,10.945226162648847,85.0,4.0,6.0,7.954749715454075,Middle East,0.0,1.3170610240985463,Female,64.0,0.0,9.0,Bachelor,63.0,198.0,Caregiver/Home,2.797043847701924,Upper-Mid,73.0,10.0,37.0,Android,21.2
4.95,8.422325191079652,188.0,1.0,7.0,7.510411738119959,Europe,4.0,9.923969314465092,Female,15.0,0.0,61.0,High School,81.0,553.0,Unemployed_Looking,3.06511831938304,Lower-Mid,119.0,7.7,18.0,iPhone,32.8
6.55,6.295213014211736,155.0,8.0,8.0,6.72,Europe,3.0,1.0,Female,70.0,0.0,48.0,Master,73.0,184.0,Full-time Employee,2.9523063893081094,Upper-Mid,82.0,8.6,33.0,Tablet,25.7
8.05,9.698407146278884,116.0,18.0,9.0,7.6150050676287,South America,4.0,2.8660012980489773,Female,53.0,0.0,16.0,PhD,60.0,309.0,Full-time Employee,3.065844303103937,Lower-Mid,155.0,8.3,43.0,Android,39.9
2.33,9.72271969916111,155.0,0.0,10.0,5.586164212581286,Asia,5.0,1.976406835980132,Female,73.0,0.0,249.0,High School,70.0,332.60,Full-time Employee,3.187426003154164,Low,38.0,9.2,41.0,iPhone,10.8
7.89,6.864379263972305,105.91,12.0,11.0,6.79732346476202,South America,4.0,8.889003899028802,Female,59.0,0.0,31.0,High School,60.0,212.0,Caregiver/Home,3.074677273050004,Lower-Mid,129.0,4.1,47.0,iPhone,35.2
4.59,7.316848708334774,78.0,2.0,12.0,5.0,Asia,7.0,8.764770571840668,Female,27.0,0.0,39.0,High School,60.0,474.0,Student,3.382698590755737,Low,139.0,2.1,13.0,Tablet,31.8
8.55,5.917848475661263,0.0,9.0,254.22,4.0,Africa,4.0,6.831297661361751,Male,27.0,0.0,82.0,Master,67.0,424.0,Full-time Employee,3.106251546232834,Lower-Mid,110.0,8.8,26.0,Laptop,38.4
3.99,6.04910572914114,102.0,0.0,254.22,6.234905492105462,Europe,4.0,2.846489119490281,Female,51.0,0.0,178.0,Bachelor,46.0,211.0,Student,3.078083020008001,Low,72.0,9.9,21.0,Laptop,19.1
8.91,5.779037569790717,201.0,9.0,15.0,7.206864455166425,Africa,1.0,1.223006718921302,Female,55.0,0.0,161.0,Master,48.0,185.0,Full-time Employee,2.7609676834105605,Lower-Mid,92.0,8.7,24.0,Android,32.0
9.74,5.203141620196599,88.0,17.0,254.22,8.207674576076311,Africa,7.0,6.606128074094776,Female,0.0,0.0,240.0,Bachelor,59.0,1195.0,Full-time Employee,3.2825923234276613,Low,180.0,6.418568102444702,24.0,Android,66.9
5.0,9.617037249632707,102.0,6.0,254.22,5.589573037167772,Africa,3.44,1.0,Female,56.0,0.0,19.0,,55.0,155.0,Student,2.9756235817286774,Upper-Mid,114.0,9.6,24.0,Tablet,23.7
5.29,6.267765346495462,96.0,3.0,18.0,5.0,North America,2.0,2.179853991849066,Male,43.0,1.0,125.0,Master,68.0,226.0,Full-time Employee,2.926987306205264,Lower-Mid,119.0,8.8,25.0,Laptop,26.3
6.89,8.227617483642558,119.0,10.0,19.0,4.0,Africa,5.0,6.79094856349961,Male,42.0,1.0,41.0,Bachelor,64.94,263.0,Full-time Employee,3.1636763139982604,Lower-Mid,184.0,5.7,19.0,iPhone,36.3
12.66,5.198885847394835,128.0,18.0,20.0,4.0,Europe,6.0,9.707075661436672,Male,0.0,1.0,176.0,High School,51.0,703.0,Student,3.2201713260423235,Low,203.0,2.7,15.0,Tablet,62.7
6.89,6.050582728907111,111.0,3.0,21.0,7.485924461895646,Africa,5.0,4.87,Female,30.0,1.0,92.0,Bachelor,80.0,499.0,Part-time/Shift,3.137827157703509,Lower-Mid,204.0,9.4,21.0,Laptop,36.75
7.3,8.252850132119574,64.0,10.0,22.0,4.0,Europe,2.0,1.0,Male,35.0,0.0,72.0,High School,64.94,525.0,Student,2.92817857589818,Upper-Mid,141.0,8.3,27.0,iPhone,40.9
4.63,6.847907287205611,168.0,3.0,23.0,4.634958034392913,Asia,2.0,1.072755323546035,,62.0,0.0,173.0,Bachelor,66.0,51.0,Full-time Employee,2.849226419862877,Upper-Mid,112.0,8.5,25.0,,19.7
6.24,7.984506760457626,80.0,6.0,24.0,7.922329916913364,,4.0,3.012997353530816,Female,19.0,0.0,449.0,Bachelor,51.0,357.0,Part-time/Shift,3.1367008093003856,Low,128.0,7.6,22.0,Tablet,32.9
3.29,8.030437941413052,293.0,0.0,25.0,7.28560272214774,North America,5.0,1.0,Female,39.0,0.0,417.0,Bachelor,60.0,121.0,,3.029451317676477,Upper-Mid,93.0,9.2,32.0,Tablet,17.6
5.1,6.072299316420355,79.0,9.05,26.0,6.892297369875632,Middle East,3.0,10.0,Female,0.0,0.0,242.0,Master,66.0,1203.0,Part-time/Shift,2.82,High,98.0,0.4,23.0,Android,48.7
6.28,7.018892076150481,16.0,6.0,27.0,7.296148653684533,Europe,4.0,1.0,Female,18.0,1.0,50.0,Bachelor,53.0,558.0,Unemployed_Looking,3.049665741916635,Upper-Mid,145.0,8.3,46.0,,41.6
6.5,7.26,301.0,8.0,28.0,5.816794351840231,North America,0.0,7.295017386220814,Female,41.59859976662777,0.0,20.0,Bachelor,69.0,304.0,Caregiver/Home,2.78251543466444,Lower-Mid,107.0,8.9,44.0,iPhone,31.9
7.88,7.742759712422853,147.0,12.0,29.0,4.0,Asia,1.0,4.309485959858957,Male,13.0,1.0,12.0,,59.0,594.0,Caregiver/Home,2.830463109262249,Low,183.0,3.0,50.0,iPhone,49.8
3.01,9.42605210567908,0.0,9.05,30.0,7.038508918747437,Africa,5.0,4.87,Female,38.0,0.0,119.0,Master,62.0,332.60,Caregiver/Home,3.149111382480191,Low,47.0,8.2,35.0,Laptop,19.1
6.95,8.177302002661788,133.0,13.0,31.0,6.72,South America,3.44,1.0,Male,67.0,1.0,94.0,Bachelor,59.0,103.0,Part-time/Shift,3.159522385735977,Lower-Mid,133.0,8.0,24.0,Tablet,28.5
3.39,7.26,137.0,9.05,32.0,4.0,Europe,5.0,6.864401948035924,Male,62.0,0.0,112.0,High School,65.29930112427833,309.0,Full-time Employee,3.17226237638904,Low,93.0,6.5,18.0,Laptop,20.6
7.30,8.66072306968108,105.91,8.0,33.0,6.456506633284729,Asia,4.0,1.0,Female,78.0,0.0,86.0,High School,65.0,141.0,Full-time Employee,3.0354834770085306,Upper-Mid,108.0,9.7,26.0,Laptop,20.8
0.98,9.23280775573996,118.0,1.0,34.0,4.0,North America,1.0,1.0,Male,86.0,0.0,3.0,,54.0,85.0,Part-time/Shift,2.86401104407393,Low,19.0,2.0,45.0,Laptop,6.2
6.46,6.765647643430832,0.0,13.0,35.0,4.971281297495545,Middle East,3.44,4.87,Female,66.0,0.0,132.0,Bachelor,73.0,123.0,Student,2.837932199965437,Low,141.0,8.6,18.0,iPhone,27.5
3.75,6.684185868226799,74.0,4.0,36.0,5.483170799808846,,4.0,4.87,Female,43.21,1.0,146.30,Bachelor,53.0,456.0,Full-time Employee,3.0516584896715866,Low,113.0,9.9,22.0,iPhone,28.2
5.96,8.529181992788837,47.0,4.0,37.0,4.0,Asia,3.44,5.028737740713357,Male,9.0,0.0,115.0,PhD,67.0,772.0,Unemployed_Looking,3.0937235145515065,,101.0,9.0,32.0,Android,41.0
2.19,6.245334614235386,103.0,0.0,38.0,5.0,North America,4.0,1.900088400702232,Male,43.21,0.0,71.0,High School,45.0,480.0,Full-time Employee,3.101675897318687,Lower-Mid,61.0,6.57,20.0,iPhone,20.7
4.54,7.54871444850384,187.0,2.0,39.0,4.0,Asia,5.0,5.891886308629696,Male,61.0,0.0,34.0,Master,64.94,172.0,Full-time Employee,2.82,High,58.0,8.2,41.0,Android,19.9
6.3,8.010635135382634,233.0,0.0,40.0,4.0,Africa,7.0,4.6540966232282015,Male,33.0,0.0,148.0,High School,67.0,361.0,Student,3.2719093272303805,Low,152.0,9.6,13.0,iPhone,33.9
9.89,7.075744741669438,13.0,14.0,41.0,5.257727940157244,,2.0,2.0748078035810704,,62.0,0.0,146.30,High School,72.0,231.0,Unemployed_Looking,2.936991120062812,High,171.0,7.3,35.0,Android,42.5
6.4,6.148762413767652,0.0,3.0,42.0,7.230149247910212,South America,3.0,4.87,Female,50.0,0.0,173.0,Bachelor,67.0,207.0,Part-time/Shift,2.938572062785197,Low,137.0,6.57,20.0,Laptop,29.6
4.86,7.276884560350949,166.0,3.0,43.0,4.0,Africa,2.0,10.0,Male,73.0,0.0,199.0,Master,64.0,114.0,Part-time/Shift,2.979726184831822,Lower-Mid,83.0,0.2,40.0,Tablet,20.8
8.32,5.951503393041112,0.0,10.0,44.0,3.486714604227396,North America,1.0,3.1882666047084225,Female,63.0,0.0,146.30,Bachelor,62.0,223.0,Part-time/Shift,2.808037542672635,Upper-Mid,176.0,9.1,22.0,Laptop,38.1
3.9,8.502375170745147,0.0,3.0,254.22,4.0,Europe,0.0,10.0,Male,75.0,0.0,99.0,Bachelor,50.0,150.0,Caregiver/Home,2.655405159240562,Low,77.0,0.3,49.0,Tablet,20.2
3.7,7.519196324039396,104.0,3.0,46.0,7.560516561848887,Europe,6.0,4.655137623052005,Female,93.0,0.0,81.0,Bachelor,58.0,158.0,Full-time Employee,3.151960132130581,Upper-Mid,88.0,9.4,23.0,Laptop,18.3
11.03,6.262353452202505,0.0,16.0,47.0,4.0,North America,3.0,3.012163325391885,Male,65.0,0.0,68.0,Bachelor,65.29930112427833,159.0,,2.974222556585114,Upper-Mid,208.0,8.7,27.0,Tablet,46.1
4.71,9.186657967712929,0.0,0.0,254.22,6.72,Middle East,4.0,9.927073686698543,,0.0,0.0,433.0,Master,76.0,268.0,Caregiver/Home,3.0589162819041955,High,108.0,8.4,42.0,,36.68415185296776
5.66,7.26,9.0,3.0,49.0,6.515635856368208,Europe,3.0,1.0,Female,79.0,0.0,256.0,Bachelor,68.0,157.0,Student,3.0705232089886896,Upper-Mid,122.0,8.5,21.0,Tablet,25.3
5.53,7.26,92.0,14.0,50.0,5.0,Asia,3.0,1.0,,60.0,0.0,101.0,Bachelor,47.0,268.0,Part-time/Shift,2.9201154078604232,High,75.0,9.4,38.0,Tablet,36.68415185296776
11.55,7.26,26.0,16.0,51.0,6.13833866489991,South America,7.0,6.634129934771305,Female,1.0,0.0,496.0,Bachelor,68.0,230.0,Unemployed_Looking,2.82,Lower-Mid,222.0,6.7,37.0,Android,51.1
14.96,4.090026955517184,231.0,16.0,52.0,5.236915729484031,,0.0,10.0,Female,43.21,1.0,262.0,Master,65.29930112427833,434.0,Unemployed_Looking,2.679415373596757,Lower-Mid,143.0,2.0,23.0,Laptop,56.6
7.94,7.830058075672094,145.0,13.0,254.22,5.377839530398459,Europe,5.0,1.7594011796312383,Female,0.0,0.0,62.0,Bachelor,58.0,802.0,Student,3.107176919273981,Low,141.0,9.9,27.67,Android,36.75
9.06,7.821374632216433,63.0,14.0,54.0,4.0,Middle East,4.0,4.855642390719986,Male,41.59859976662777,0.20,256.0,High School,71.0,165.0,Student,3.13612361984136,Lower-Mid,152.0,0.4,14.0,Tablet,36.68415185296776
9.94,6.412085343041421,0.0,12.0,55.0,9.261982459863992,Middle East,4.0,1.0,Female,64.0,0.20,180.0,High School,75.0,104.0,Student,2.995108207180093,Lower-Mid,147.04,9.4,15.0,Tablet,38.0
14.38,4.659008732445433,46.0,22.0,56.0,5.106783113676804,South America,4.0,5.00626277296813,Female,16.0,0.0,148.0,Master,74.0,476.0,Part-time/Shift,2.82,Upper-Mid,200.0,0.9,27.0,iPhone,61.1
6.76,7.211652562048101,0.0,4.0,57.0,4.0,Europe,3.0,1.1578017912501353,Male,55.0,0.0,166.0,High School,57.0,182.0,,2.991685742691854,Lower-Mid,146.0,9.2,17.0,iPhone,36.68415185296776
2.45,8.388344087213595,182.0,0.0,254.22,4.0,Europe,4.0,2.8726931953366406,Male,41.59859976662777,0.0,46.0,Bachelor,64.94,332.60,Unemployed_Looking,3.0507164470199823,Upper-Mid,147.04,2.5,34.0,Laptop,21.9
7.30,9.17636942900579,130.0,4.0,59.0,4.0,Africa,6.0,3.889765789424618,Male,36.0,0.0,50.0,High School,68.0,517.0,Student,3.237666136690996,Low,104.0,9.9,16.0,Laptop,29.9
2.56,7.758271429405124,44.0,0.0,60.0,4.0,Europe,3.0,1.0,Male,71.0,0.20,191.0,Bachelor,75.0,119.0,Part-time/Shift,2.91403935564397,Lower-Mid,80.0,8.2,18.0,Laptop,13.0
5.59,7.574544007013483,45.0,0.0,61.0,4.0,Asia,4.0,10.0,Male,68.0,0.0,41.0,Bachelor,60.0,268.0,Full-time Employee,3.134741143728071,Upper-Mid,153.0,0.9,30.0,iPhone,36.68415185296776
3.96,7.426577844742267,105.91,8.0,62.0,4.0,North America,2.0,4.87,Male,60.0,0.0,50.0,High School,63.0,337.0,Student,2.9883980059005526,Lower-Mid,59.0,8.4,17.0,iPhone,20.3
2.78,8.156714643029364,62.0,0.0,63.0,4.0,North America,5.0,1.0,Male,42.0,0.0,258.0,Bachelor,54.0,264.0,Part-time/Shift,3.134164896822617,Low,92.0,8.6,19.0,Android,18.9
8.23,7.558764921353024,135.0,9.0,64.0,7.809976367959128,Asia,5.0,1.0,,40.0,0.0,39.0,Master,53.0,404.0,Full-time Employee,3.252964968465329,Low,199.0,6.4,46.0,Laptop,46.9
13.65,6.224373911253337,124.0,19.0,65.0,9.874961405483091,Asia,0.0,9.352622258760256,Female,55.0,1.0,146.30,Bachelor,73.0,176.0,Student,2.712435047373364,Upper-Mid,311.0,6.7,24.0,Laptop,60.9
6.28,8.296487850322352,212.0,3.0,66.0,5.198322817855788,Europe,3.0,1.0,Female,41.0,0.0,146.30,Master,64.94,379.0,Part-time/Shift,2.9920619744339487,Upper-Mid,103.0,8.9,32.0,iPhone,31.6
10.65,7.542666904972116,77.0,16.0,67.0,9.611414794296806,Europe,3.0,5.09086894337754,Female,22.0,0.0,91.0,Bachelor,64.0,432.0,Full-time Employee,3.04363482792986,High,175.0,9.6,33.0,,49.9
7.93,8.039315097022087,72.0,6.0,68.0,4.0,Asia,3.44,1.0,Male,43.21,0.0,186.0,High School,75.0,423.0,Full-time Employee,2.949090151729989,Upper-Mid,187.0,6.57,32.0,Laptop,43.8
5.47,8.220904872095732,0.0,7.0,69.0,4.0,Europe,1.0,7.171132473602274,Female,13.0,0.20,252.0,Bachelor,65.29930112427833,455.0,Student,2.7431936346036463,Lower-Mid,103.0,7.6,18.0,Android,30.5
5.05,9.206381356762895,76.0,7.0,70.0,9.036648146802015,South America,2.0,1.0,Female,57.0,0.0,71.0,Bachelor,59.0,272.0,Full-time Employee,2.811569877863434,Lower-Mid,38.0,8.4,50.0,Android,22.6
2.33,7.8524834514972275,175.0,2.0,71.0,4.689862359514329,Asia,6.0,7.70883257376728,Female,6.0,0.0,75.0,Bachelor,65.29930112427833,591.0,,3.314735633726542,Upper-Mid,106.0,8.5,29.0,Laptop,27.8
12.74,6.134634699579325,170.0,20.0,254.22,4.0,Asia,4.0,5.913954193880873,Male,29.0,1.0,203.0,Bachelor,80.0,273.0,,2.82,Upper-Mid,247.0,5.8,46.0,iPhone,57.6
4.98,8.34625340437879,218.0,4.0,73.0,4.0,Middle East,0.0,5.280804037766603,Male,76.0,0.0,75.0,High School,65.0,206.0,Part-time/Shift,2.723099605779935,High,109.0,6.9,33.0,iPhone,25.0
4.22,8.261186141328707,13.0,4.0,74.0,5.0,Europe,5.0,1.845822079612192,Male,66.0,0.0,114.0,,81.0,195.0,Full-time Employee,3.076171458018598,Low,107.0,6.418568102444702,31.0,Laptop,22.2
7.88,5.537073461622228,52.0,8.0,75.0,5.608669873516028,Europe,4.0,1.1117721468829684,Female,46.0,0.0,168.0,Bachelor,39.0,131.0,Full-time Employee,3.0993419823043524,Upper-Mid,179.0,8.5,22.0,Android,35.7
5.64,9.182695183458767,139.0,6.0,76.0,7.541329933426649,Europe,4.0,9.89038940526933,Female,63.0,0.0,262.0,Bachelor,64.94,254.0,Student,3.012847025376664,Low,111.0,5.1,24.0,Tablet,26.9
8.36,8.78048615767152,81.0,16.0,77.0,4.0,North America,4.0,2.8960856965198603,Male,64.0,0.0,0.0,Bachelor,64.94,186.0,Full-time Employee,3.0273618669548266,Lower-Mid,206.0,9.7,50.0,Tablet,42.3
4.69,8.310800230018867,134.0,5.0,78.0,6.400807571679895,Africa,2.0,1.0,Female,67.0,1.0,54.0,High School,62.0,214.0,Full-time Employee,2.9071317521151845,Upper-Mid,103.0,8.0,33.0,Laptop,24.1
6.7,8.695587728806226,184.0,6.0,79.0,4.0,Asia,1.0,3.205599913264232,Male,55.0,0.0,82.0,Bachelor,66.0,332.60,,2.7590687911853395,Low,169.0,8.3,23.0,Laptop,31.8
4.35,9.853524551695624,293.0,9.05,80.0,6.66422297007742,North America,5.0,5.877770942624586,Female,0.0,0.20,588.0,Bachelor,45.0,462.0,Unemployed_Looking,3.12288054845894,Lower-Mid,102.0,9.6,27.67,Tablet,36.75
5.41,8.461321765218736,84.0,8.0,81.0,6.6392064461762015,Middle East,2.0,4.87,Female,43.21,0.0,246.0,Bachelor,63.0,560.0,Student,2.96226621061954,Low,147.04,6.2,19.0,iPhone,35.3
7.30,7.721896804822373,91.0,12.0,82.0,5.0,Africa,7.0,2.7577976364352943,Male,75.0,0.0,20.0,Bachelor,69.0,217.0,Caregiver/Home,3.3129916690040107,Upper-Mid,217.0,7.4,27.67,Laptop,44.7
3.38,7.181162487969966,62.0,5.0,83.0,6.391041021213569,Europe,3.0,5.0648614981525375,Female,83.0,0.0,73.0,Bachelor,64.94,332.60,Unemployed_Looking,2.9785674893625527,Low,49.0,0.0,22.0,Tablet,11.3
3.61,8.32690553231554,102.0,2.0,84.0,4.227988649809982,,4.0,2.881164806290006,Female,21.0,0.0,182.0,High School,60.0,529.0,Student,3.062668253811086,,65.0,8.7,15.0,Tablet,24.8
12.0,5.417203925021811,90.0,16.0,85.0,6.72,South America,1.0,8.203209880645634,Female,56.0,1.0,146.30,PhD,65.29930112427833,328.0,Part-time/Shift,2.79281433274879,Upper-Mid,278.0,5.4,46.0,Laptop,60.6
5.49,7.878292906908651,39.0,6.0,86.0,6.72,Europe,4.0,9.8896626619995,Female,71.0,0.0,19.0,PhD,60.0,55.0,Part-time/Shift,3.151732634325639,Lower-Mid,143.0,1.6,41.0,Android,26.2
6.0,7.055441933565628,228.0,8.0,87.0,4.0,Africa,0.0,1.0,Male,62.0,0.0,207.0,Bachelor,74.0,288.0,Part-time/Shift,2.6917785874241567,Low,158.0,8.1,22.0,Laptop,32.4
7.63,8.342518708385104,115.0,11.0,88.0,7.402065824489482,North America,2.0,8.042292277866062,Female,65.0,0.0,49.0,Bachelor,68.0,320.0,Student,2.902702039242573,,173.0,8.6,23.0,iPhone,38.6
5.73,7.229125938017113,139.0,6.0,89.0,4.0,Europe,0.0,5.303382741095426,Female,35.0,0.0,53.0,Bachelor,60.0,436.0,Part-time/Shift,2.738137722268001,High,175.0,8.2,28.0,Laptop,38.0
4.65,6.721487737734232,74.0,0.0,90.0,4.0,North America,1.0,9.205372372049142,Male,29.0,1.0,509.0,Bachelor,70.0,286.0,Part-time/Shift,2.862709212904276,Lower-Mid,84.0,4.7,20.0,Tablet,22.9
3.31,7.12216297464861,246.0,7.0,91.0,6.650812191178848,Middle East,2.0,9.14253732113361,Female,0.0,0.0,106.0,High School,66.0,800.0,Student,2.9473144280840584,Lower-Mid,112.0,9.5,16.0,Tablet,34.9
10.06,8.367232161380274,70.0,14.0,92.0,6.536336120490415,South America,0.0,1.0,Female,57.0,1.0,298.0,Master,75.0,138.0,Student,2.7307855037265067,Lower-Mid,147.04,9.2,23.0,iPhone,42.1
5.49,7.186155547352643,119.0,7.0,93.0,6.898508519830664,Europe,5.0,1.0,Female,72.0,0.0,160.0,High School,58.0,210.0,Full-time Employee,3.1463429865903034,Low,139.0,9.0,22.0,Laptop,36.68415185296776
4.06,7.560683011668252,52.0,7.0,94.0,4.0,Europe,2.0,1.1118065437865272,Male,53.0,0.0,107.0,Bachelor,62.0,141.0,Student,2.82,Low,78.0,9.4,19.0,Tablet,17.3
13.45,7.272792919810766,0.0,14.0,95.0,4.0,Asia,3.0,10.0,Male,48.0,1.0,123.0,Master,61.0,292.0,Full-time Employee,2.858433291962604,Lower-Mid,270.0,0.3,33.0,Laptop,61.1
6.8,7.989388170986725,111.0,11.0,96.0,4.0,Europe,3.0,4.87,Male,74.0,0.0,40.0,Master,50.0,100.0,Student,2.892590894617246,Low,211.0,0.0,24.0,Android,34.9
10.09,7.740627847211608,149.0,18.0,97.0,4.0,South America,5.0,1.8791958232109447,Male,42.0,0.0,373.0,High School,68.0,302.0,Part-time/Shift,3.101556477398552,Low,246.0,7.7,29.0,Tablet,50.8
5.34,7.26,146.0,9.05,98.0,5.0,Asia,3.0,6.110832174645446,Male,35.0,0.0,157.0,Bachelor,68.0,230.0,Part-time/Shift,2.82,Low,70.0,8.8,41.0,Tablet,23.8
14.01,6.152392525414546,86.0,14.0,99.0,5.0,,4.0,9.924495706237792,Male,0.0,1.0,302.0,Bachelor,65.0,557.0,Full-time Employee,2.82,Lower-Mid,190.0,2.1,19.0,Tablet,60.9
5.12,6.887137759981238,239.0,5.0,100.0,7.448560090848648,Africa,7.0,1.0,Female,74.0,0.0,86.0,High School,63.0,270.0,Student,3.329058077696849,Low,101.0,10.0,16.0,Android,24.8
7.26,7.999165553471046,178.0,9.0,101.0,8.486007801491446,Asia,1.0,10.0,Female,56.0,0.0,89.0,Bachelor,51.0,89.0,Full-time Employee,2.812377008598492,Low,131.0,3.3,35.0,Laptop,29.9
4.67,9.128402132800373,2.0,8.0,102.0,6.16869260249611,South America,4.0,1.0,Female,89.0,0.0,168.0,High School,61.0,332.60,Student,3.041190290968551,Low,131.0,9.9,27.67,Android,20.7
6.14,7.8753043943710335,105.91,6.0,103.0,5.930321775060616,Europe,4.0,1.011152377556776,Female,31.0,0.0,252.0,Master,62.0,392.0,Full-time Employee,2.989117254612524,Upper-Mid,92.0,9.9,41.0,Tablet,31.9
5.13,7.114112244632262,169.0,4.0,104.0,5.51759800101643,Asia,4.0,3.8968917155618006,Female,29.0,0.0,0.0,Bachelor,57.0,518.0,Full-time Employee,3.049697775125653,High,126.0,7.1,39.0,Tablet,35.5
3.95,6.024606165518449,0.0,7.0,105.0,4.0,Asia,2.0,3.084811424362808,Male,0.0,0.0,151.0,High School,65.29930112427833,1105.0,Student,2.7608214933444457,Lower-Mid,80.0,6.57,17.0,,41.6
2.74,6.085233666864286,43.0,3.0,106.0,4.682834698476096,Europe,4.0,3.112981756298617,Female,81.0,0.0,62.0,High School,65.29930112427833,96.0,Part-time/Shift,3.043777202797601,Low,41.0,9.9,20.0,Android,9.8
9.43,6.349469160424807,19.0,15.0,107.0,7.577692620074597,Europe,2.0,3.289318533689829,Female,38.0,0.0,82.0,Bachelor,84.0,337.0,Part-time/Shift,2.8953149145847643,Upper-Mid,209.0,6.1,43.0,Android,47.8
8.2,4.638497138526186,183.0,14.0,108.0,6.863508631874309,,5.0,9.861659777085704,Female,0.0,0.20,353.0,High School,67.0,740.0,Student,3.143905411150726,Low,139.0,3.9,15.0,Laptop,36.75
2.46,7.655989832196568,105.91,0.0,109.0,4.0,South America,6.0,1.0,Male,52.0,0.0,122.0,,68.0,305.0,Student,3.133489217357445,Upper-Mid,61.0,9.6,24.0,Laptop,16.6
8.04,8.068570347697738,28.0,6.0,110.0,6.72,Europe,3.44,3.646178950650486,Male,43.21,0.0,47.0,Bachelor,64.0,929.0,Unemployed_Looking,3.1430504987692247,Low,225.0,9.8,19.0,iPhone,59.2
2.88,7.372741514745921,159.0,1.0,111.0,7.745852143228117,Asia,4.0,4.867762526965846,Female,57.0,0.0,131.0,High School,46.0,158.0,Part-time/Shift,2.999853454844666,Low,56.0,8.4,27.67,Tablet,13.4
3.68,9.835491392625457,186.0,9.05,254.22,8.402754166616711,Asia,0.0,4.319221444878334,Female,53.0,0.0,56.0,Master,65.0,424.0,Full-time Employee,2.6917629523362434,Low,82.0,8.6,30.0,Laptop,24.9
14.82,6.255625968488154,47.0,19.0,113.0,4.0,Africa,3.44,10.0,Male,42.0,1.0,197.0,Bachelor,66.0,176.0,,3.007936944032268,,310.0,4.5,27.67,Tablet,63.8
4.85,7.136411869424479,0.0,2.0,114.0,7.149809542810225,North America,2.0,5.104596836796247,Female,13.0,1.0,611.0,Bachelor,90.0,137.0,Part-time/Shift,2.992861417312364,Low,101.0,8.0,23.0,Android,20.6
13.09,5.918662522390052,170.0,18.0,254.22,7.22722654073395,Middle East,2.0,8.939790255152857,Female,42.0,1.0,176.0,Bachelor,63.0,283.0,Student,2.8947236690845104,Upper-Mid,279.0,0.9,24.0,iPhone,59.9
9.17,6.979785898258985,105.91,9.0,116.0,4.0,South America,3.0,3.0681614698418387,Male,41.0,0.0,169.0,Bachelor,68.0,301.0,Student,2.931185601809123,Low,211.0,7.1,24.0,Tablet,45.2
4.91,8.092797697786585,246.0,6.0,117.0,7.467066757026435,,1.0,7.293797546865624,Female,35.0,0.0,77.0,Bachelor,65.0,166.0,Full-time Employee,2.8217046099231182,Low,98.0,9.2,26.0,Tablet,22.3
13.82,5.1156701646353175,146.0,21.0,118.0,4.0,Africa,3.44,4.739379971156309,Male,37.0,1.0,35.0,,53.0,397.0,Full-time Employee,3.3385304070031245,Low,304.0,5.7,21.0,Laptop,66.6
16.51,6.078184950150549,146.0,20.0,119.0,4.0,Europe,4.0,9.867701901034144,Male,45.0,1.0,83.0,Bachelor,76.0,257.0,Full-time Employee,3.0829748966315296,Lower-Mid,261.0,0.3,21.0,iPhone,65.2
5.62,8.403295116219535,26.0,1.0,254.22,4.637870645473068,,6.0,4.648127873335729,Female,33.0,0.0,153.0,Bachelor,73.0,429.0,Full-time Employee,3.348849949154596,Upper-Mid,72.0,7.4,24.0,iPhone,28.0
3.31,8.322897152645941,0.0,0.0,121.0,4.0,South America,5.0,4.87,Male,50.0,0.0,52.0,Bachelor,73.0,396.0,Full-time Employee,3.0960427834799176,Upper-Mid,67.0,9.8,21.0,Android,21.0
5.88,8.008174848084781,173.0,11.0,122.0,6.72,Africa,3.44,3.800768437159861,Female,55.0,1.0,18.0,Bachelor,65.29930112427833,284.0,Unemployed_Looking,3.144421235930616,High,152.0,5.9,44.0,Android,34.1
10.01,6.862037700969218,240.0,11.0,123.0,5.0,Europe,3.0,3.109368442830128,Male,61.0,0.0,21.0,Bachelor,79.0,332.60,Full-time Employee,3.049486272412045,Lower-Mid,120.0,6.57,25.0,Tablet,37.8
6.92,7.963667470586506,102.0,8.0,124.0,9.690948788268454,Middle East,1.0,2.201363787627758,Female,9.0,0.0,146.30,Bachelor,51.0,511.0,Part-time/Shift,2.886579049398545,Low,206.0,5.7,29.0,Laptop,45.7
8.33,7.26,64.0,9.0,125.0,8.497781741501608,Europe,2.0,10.0,Female,81.0,0.0,72.0,Bachelor,71.0,66.0,Full-time Employee,2.7946518348181573,High,141.0,0.5,34.0,iPhone,32.0
3.22,9.204289654363496,0.0,7.0,254.22,6.643072968365971,Middle East,6.0,1.6972133390949593,Female,43.21,0.0,83.0,Master,87.0,146.0,Full-time Employee,3.21152642452941,,91.0,6.418568102444702,30.0,Laptop,16.9
11.65,6.173800362980459,105.91,15.0,127.0,4.0,North America,5.0,4.87,Male,0.0,0.0,272.0,Bachelor,55.0,509.0,,3.206035700227086,Lower-Mid,262.0,7.3,26.0,iPhone,61.2
8.96,6.735328147003408,0.0,14.0,128.0,4.0,Africa,3.0,1.0,Male,60.0,0.0,382.0,PhD,59.0,148.0,Full-time Employee,2.82,Low,184.0,7.4,34.0,Android,36.75
7.30,7.692149588700397,44.0,3.0,129.0,8.163609228489797,Africa,3.0,1.0,Female,58.0,0.0,157.0,Bachelor,66.0,146.0,Part-time/Shift,3.007230168928676,Lower-Mid,81.0,9.1,24.0,,16.8
4.25,8.193240656130236,52.0,3.0,130.0,4.0,Africa,3.0,9.87893391675694,Male,45.0,0.0,238.0,High School,60.0,253.0,Student,2.9536472100563103,Low,104.0,0.5,15.0,iPhone,22.6
6.44,8.047326277212555,72.0,9.0,131.0,8.518680133568711,Asia,5.0,9.879749620488184,Female,49.0,0.0,72.0,Bachelor,49.0,264.0,Full-time Employee,3.0813495043127817,Low,175.0,2.6,26.0,Tablet,35.4
4.85,9.277545594755209,32.0,2.0,132.0,7.132212979405153,Asia,2.0,1.0,Female,0.0,0.0,489.0,Bachelor,66.0,398.0,Full-time Employee,3.003092899020919,Upper-Mid,80.0,9.7,41.0,Android,27.9
14.73,4.683555282936956,203.0,18.0,133.0,7.585276535284847,Asia,6.0,6.826484239905042,Female,55.0,0.0,59.0,Master,54.0,268.0,Full-time Employee,3.2481313848546973,Lower-Mid,297.0,2.2,28.0,Tablet,36.68415185296776
4.43,6.693069841634725,88.0,0.0,134.0,5.0892608796758925,Asia,7.0,4.529630570327695,Female,50.0,0.0,107.0,Bachelor,70.0,255.0,Unemployed_Looking,3.2491756027838963,Upper-Mid,58.0,6.57,27.0,Android,19.9
4.85,7.0699317820579175,0.0,9.0,135.0,7.388174547392754,Asia,1.0,10.0,Female,61.0,0.0,194.0,High School,56.0,172.0,,2.8021132692309294,Lower-Mid,147.04,6.418568102444702,17.0,,23.5
11.11,6.439752122298731,28.0,18.0,136.0,6.72,Africa,3.0,1.082384825096074,,43.21,0.20,146.30,Master,80.0,26.0,,2.9875497005825697,Low,192.0,6.57,31.0,,41.4
7.30,8.372308778299537,102.0,10.0,137.0,6.008581670482579,Asia,1.0,10.0,Female,20.0,0.0,562.0,Master,57.0,113.0,Part-time/Shift,2.8394614202420243,,67.0,0.0,30.0,iPhone,17.6
10.36,7.282210569847586,84.0,22.0,138.0,5.511567749079161,Africa,3.0,2.968055558334365,Female,0.0,0.0,136.0,,62.0,645.0,Full-time Employee,2.927059441863845,Low,160.0,5.8,33.0,Tablet,53.3
15.36,5.031530337413973,79.0,21.0,139.0,6.424509584179181,Asia,6.0,7.52638237479363,Female,54.0,1.0,270.0,Bachelor,73.0,236.0,Full-time Employee,3.1809847846251347,,300.0,2.3,31.0,Laptop,66.2
7.52,6.586395507988235,141.0,14.0,140.0,6.965038231891272,Europe,4.0,1.9585234659669013,Female,54.0,0.20,178.0,Bachelor,53.0,76.0,Full-time Employee,2.9692782902192447,Lower-Mid,167.0,9.9,28.0,Laptop,32.6
9.51,5.516535592498425,79.0,8.0,254.22,4.0,Asia,1.0,10.0,Male,50.0,1.0,53.0,Bachelor,67.0,265.0,Part-time/Shift,2.864259202027857,Low,201.0,0.0,22.0,iPhone,44.0
8.91,6.819031245032937,155.0,10.0,142.0,6.249366705732546,South America,4.0,9.885432994779228,Female,37.0,0.0,114.0,High School,78.0,316.0,Full-time Employee,3.034844094999377,Upper-Mid,171.0,7.6,42.0,,42.9
14.34,6.038298714377618,64.0,22.0,143.0,9.336604632993978,,3.44,7.204907987571402,Female,81.0,0.0,61.0,Master,49.0,134.0,Full-time Employee,2.82,Upper-Mid,285.0,3.5,27.67,iPhone,60.4
7.0,8.222190920984175,196.0,6.0,144.0,6.739743427512543,Middle East,3.0,1.0,Female,41.0,0.0,395.0,High School,67.0,132.0,Full-time Employee,3.043153300169951,Low,127.0,8.7,30.0,Android,29.1
12.8,4.116070872872281,49.0,21.0,145.0,4.0,South America,5.0,4.718718179865708,Male,51.0,0.20,25.0,Bachelor,68.0,341.0,Unemployed_Looking,3.1428031690533484,High,125.0,3.7,38.0,iPhone,36.68415185296776
11.68,5.156692567792503,0.0,16.0,146.0,7.282865334054295,South America,1.0,10.0,Female,43.21,1.0,94.0,Bachelor,73.0,115.0,Student,2.8066225637501647,Low,250.0,1.7,22.0,Tablet,49.4
14.65,7.894928293073895,125.0,19.0,147.0,6.72,North America,3.0,9.9469624391345,Male,43.0,1.0,100.0,Master,53.0,222.0,Part-time/Shift,2.981736448585332,Upper-Mid,178.0,3.8,39.0,Android,55.1
11.29,7.902005699166284,207.0,9.0,148.0,4.0,Middle East,2.0,5.335233342055508,Male,30.0,0.0,183.0,Bachelor,52.0,343.0,Caregiver/Home,2.895315411336888,Low,221.0,7.2,40.0,iPhone,54.0
11.53,6.007066807661309,260.0,16.0,149.0,5.0,,1.0,8.308127358517797,Male,0.0,1.0,412.0,Master,70.0,769.0,Part-time/Shift,2.8745793374415154,Upper-Mid,153.0,4.9,23.0,iPhone,57.6
10.96,5.245644796579784,80.0,15.0,150.0,5.09067330485162,Africa,4.0,5.945855629574144,Female,18.0,0.0,205.0,High School,68.0,282.0,Part-time/Shift,3.0674669382148325,Upper-Mid,217.0,3.6,35.0,Android,50.4
10.59,7.080023900992519,0.0,14.0,151.0,4.0,Africa,5.0,1.0,,30.0,0.0,91.0,High School,68.0,433.0,Student,3.1045896109557054,Low,147.04,8.4,22.0,Android,45.1
6.15,7.8647208326371905,0.0,9.05,152.0,4.0,Asia,7.0,1.0,Male,37.0,0.0,104.0,Bachelor,68.0,530.0,Part-time/Shift,3.343971401972655,Upper-Mid,138.0,10.0,27.0,iPhone,37.9
8.4,7.05970570761238,61.0,6.0,153.0,4.0,North America,3.0,4.130655179013881,Male,41.0,0.0,303.0,Bachelor,58.0,133.0,Full-time Employee,3.033564592559052,Lower-Mid,147.04,8.8,34.0,Android,34.9
10.22,4.802916028805942,103.0,15.0,154.0,4.918269202198751,Europe,4.0,4.891518982863868,Female,0.0,0.20,103.0,Bachelor,67.0,837.0,Student,2.9850084869968696,Lower-Mid,235.0,6.57,18.0,iPhone,62.8
8.41,8.230926055657347,0.0,10.0,155.0,5.936793263120707,Asia,2.0,1.0,Female,43.21,0.0,57.0,Bachelor,68.0,245.0,Unemployed_Looking,2.968794925382782,Upper-Mid,152.0,9.7,34.0,iPhone,37.8
6.03,8.872553483519894,191.0,1.0,156.0,8.818173076109698,Middle East,7.0,1.0,Female,39.0,0.0,235.0,High School,58.0,252.0,Student,3.309814537788592,Low,102.0,8.7,16.0,iPhone,26.7
15.3,6.466894980708871,29.0,16.0,157.0,8.792501254663076,North America,7.0,9.766440598375915,Female,41.59859976662777,1.0,108.0,High School,84.0,241.0,Full-time Employee,3.305742446635497,Low,239.0,8.4,34.0,Laptop,61.0
4.93,9.35543312518333,107.0,6.0,158.0,5.8917010384942525,Asia,1.0,1.0,Female,42.0,0.0,178.0,High School,64.94,332.60,Student,2.862602319127444,Lower-Mid,153.0,8.1,14.0,Android,29.7
3.51,7.300890714789654,48.0,4.0,159.0,4.0,North America,4.0,5.030411187390833,Male,60.0,0.0,383.0,High School,53.0,138.0,Unemployed_Looking,3.023576198787679,Low,82.0,7.1,29.0,Tablet,17.5
7.14,5.909740713085058,105.91,6.0,160.0,4.0,Africa,3.0,1.9905267183700948,Male,65.0,0.0,126.0,Bachelor,72.0,196.0,Part-time/Shift,3.019748600450681,Low,167.0,8.9,28.0,Laptop,34.2
3.48,9.2509854449639,86.0,9.05,161.0,8.75539535249369,Asia,3.0,4.121930389350547,Female,61.0,0.0,56.0,High School,55.0,107.0,Student,2.953201601254242,Lower-Mid,67.0,6.57,17.0,Laptop,14.2
10.23,6.512540231302199,0.0,16.0,162.0,7.306544809867796,Europe,3.0,10.0,Female,51.0,1.0,222.0,,73.0,159.0,Student,2.8982928407556177,Lower-Mid,242.0,6.57,17.0,Tablet,45.8
7.34,6.961073438947731,156.0,9.0,163.0,8.187051873270667,Europe,0.0,10.0,Female,98.0,0.0,89.0,Bachelor,77.0,125.0,Student,2.6824986299955134,Lower-Mid,142.0,2.9,21.0,Laptop,29.9
11.81,4.947945506173692,158.0,16.0,164.0,5.856133316021826,Europe,1.0,10.0,Female,59.0,1.0,114.0,Bachelor,65.29930112427833,145.0,Part-time/Shift,2.8406221791927795,Upper-Mid,304.0,1.4,22.0,Android,55.4
15.15,5.523390838751985,103.0,12.0,165.0,7.8470463774061106,Europe,7.0,4.527806063288597,Female,40.0,1.0,321.0,Bachelor,75.0,284.0,Student,3.2443055321284344,Upper-Mid,309.0,3.9,23.0,Android,66.9
6.13,7.865600945132392,174.0,9.0,166.0,4.0,Asia,4.0,1.0,Male,49.0,0.0,95.0,Bachelor,69.0,332.60,Student,3.132428824497376,Low,151.0,9.4,23.0,Tablet,34.9
6.76,6.3305997525454485,90.0,4.0,167.0,8.064911338488553,Africa,6.0,1.7527813466396194,Female,47.0,0.0,124.0,High School,73.0,331.0,Student,3.271158478203392,,164.0,8.9,15.0,Android,35.2
11.02,7.423249002384611,39.0,13.0,168.0,4.0,Asia,3.0,8.07887985080922,Male,44.0,1.0,122.0,Bachelor,84.0,313.0,Part-time/Shift,3.038712333042783,Upper-Mid,231.0,4.9,24.0,Laptop,51.0
12.48,4.766006483546857,90.0,16.0,169.0,4.0,Europe,3.0,7.001216740897677,Male,12.0,0.0,170.0,Bachelor,63.0,417.0,Student,2.9782793037250053,High,224.0,6.0,22.0,Laptop,57.0
11.85,6.011101692046727,67.0,15.0,170.0,7.248962951130107,Africa,3.44,4.204180628409801,Female,67.0,0.0,37.0,Bachelor,57.0,204.0,Part-time/Shift,2.984933455605882,Upper-Mid,222.0,6.3,35.0,Tablet,51.3
3.32,7.077577115405792,116.0,5.0,171.0,4.0,Europe,5.0,9.72065923325991,Male,0.0,1.0,100.0,PhD,56.0,885.0,Full-time Employee,3.072124069222437,Upper-Mid,133.0,6.0,27.0,,36.68415185296776
4.65,6.69473895058118,0.0,7.0,172.0,4.0,Africa,5.0,1.0,Male,68.0,0.0,14.0,Bachelor,57.0,210.0,Part-time/Shift,3.1815988374425253,Upper-Mid,103.0,9.7,30.0,Android,23.8
4.64,7.07549632269612,27.0,7.0,173.0,5.0,North America,0.0,1.0,Male,72.0,0.0,126.0,Bachelor,64.0,127.0,Unemployed_Looking,2.7513781167027145,Upper-Mid,113.0,8.5,27.67,iPhone,22.6
3.68,7.318518213668383,105.91,7.0,174.0,5.849809710677893,Asia,6.0,4.869812029126416,Female,67.0,0.0,181.0,Bachelor,68.0,181.0,Full-time Employee,2.82,Low,68.0,8.7,29.0,Laptop,17.4
7.06,7.128620922143811,88.0,10.0,175.0,5.153544479609523,Europe,5.0,2.6971956161905064,Female,57.0,0.0,385.0,High School,68.0,90.0,Part-time/Shift,3.216225252507295,Low,147.04,9.9,27.67,Laptop,28.2
7.71,8.900078241033052,91.0,10.0,176.0,4.362136050546171,North America,4.0,5.861260123184966,Female,48.0,0.0,516.0,High School,73.0,116.0,Unemployed_Looking,4.021626869140517,Lower-Mid,65.0,7.1,32.0,,25.1
14.11,4.967213167375155,201.0,18.0,177.0,24.378365057592973,Africa,5.0,7.943609228820064,,41.0,1.0,119.0,Bachelor,65.0,513.0,Full-time Employee,3.125502584440785,High,304.0,1.3,24.0,Tablet,70.3
7.22,6.216191653139592,255.0,6.0,178.0,2.0,Europe,6.0,1.0,Male,66.0,0.0,84.0,PhD,80.0,114.0,Unemployed_Looking,2.228027851608517,High,125.0,9.9,40.0,Laptop,29.6
6.39,7.170252058453191,88.0,8.0,179.0,2.0,Asia,6.0,4.589224213874888,Male,43.21,0.0,284.0,Bachelor,62.0,358.0,Full-time Employee,3.164922535258474,Lower-Mid,141.0,8.7,19.0,Android,33.7
8.77,8.709585914150242,5.0,11.0,180.0,9.0060699227251,Europe,5.0,1.0,Female,53.0,0.0,40.0,Bachelor,92.0,307.0,Part-time/Shift,2.122429720870809,High,94.0,7.8,41.0,iPhone,35.3
4.8,9.7038497105626,0.0,1.0,181.0,4.0,Europe,2.0,1.0,Male,50.0,0.0,131.0,Bachelor,71.0,162.0,Student,4.916803221667725,Lower-Mid,121.0,9.8,21.0,iPhone,23.2
6.5,7.26,278.0,12.0,182.0,5.0,,7.0,3.738606073721012,Female,70.0,1.0,15.0,Bachelor,56.0,192.0,Part-time/Shift,2.275307885559526,Lower-Mid,124.0,9.0,33.0,Android,36.75
7.85,6.129958162529038,294.0,11.0,183.0,9.775462034093106,South America,0.0,9.341996801537755,Female,41.59859976662777,0.0,157.0,High School,54.0,301.0,Full-time Employee,2.797835914437316,High,147.0,8.8,28.0,iPhone,37.4
9.03,6.214215487910173,7.0,22.0,184.0,7.0,South America,2.0,1.0951332266290017,,22.0,0.0,161.0,Bachelor,70.0,476.0,Student,1.8166095030535268,Lower-Mid,215.0,7.2,20.0,Android,36.75
1.87,8.537630998503028,76.0,7.0,185.0,5.0,Europe,1.0,10.0,Male,36.0,0.0,269.0,High School,63.0,225.0,Part-time/Shift,3.868409649559285,Low,66.0,6.2,15.0,iPhone,12.9
6.03,7.859058873063373,83.0,2.0,186.0,4.937252817731681,,3.0,7.0748472190087055,Female,13.0,1.0,145.0,Bachelor,72.0,332.60,,2.005099648481935,Low,118.0,8.2,28.0,iPhone,37.5
4.52,7.216386164564722,90.0,3.0,187.0,0.9521929261318332,,4.0,1.9660658279897647,Female,14.0,0.0,90.0,Bachelor,70.0,607.0,Part-time/Shift,4.023483588960064,Low,80.0,8.7,38.0,iPhone,36.75
15.44,5.77495437963743,159.0,17.0,188.0,21.0,South America,1.0,8.236066319967067,Male,8.0,1.0,107.0,High School,64.0,460.0,Student,1.0,Low,308.0,8.5,20.0,Tablet,72.1
5.59,7.379251272757045,149.0,8.0,189.0,2.0,Africa,2.0,9.987385469360714,Male,47.0,0.0,135.0,High School,57.0,259.0,Full-time Employee,2.7881416002822537,High,93.0,2.3,38.0,Laptop,27.2
4.62,6.750925044656765,232.0,2.0,190.0,2.0,,2.0,7.070383079345659,Male,43.21,0.0,148.0,High School,64.94,1196.0,Student,1.8523969805236848,Lower-Mid,140.0,4.7,15.0,Laptop,50.9
7.18,6.338070453031548,66.0,7.0,191.0,4.0,Middle East,1.0,9.363926903424572,Male,0.0,0.0,502.0,High School,61.0,548.0,Student,2.864629920297768,Lower-Mid,159.0,6.7,17.0,Laptop,41.9
8.16,6.924357060167975,105.91,8.0,192.0,4.0,Middle East,3.0,10.0,Male,0.0,0.0,154.0,Master,74.0,332.60,Full-time Employee,2.969236088427201,Low,138.0,2.4,30.0,Android,59.8
8.02,7.644014100986776,196.0,14.0,193.0,6.0,North America,4.0,4.904964872687579,Male,72.0,0.0,83.0,High School,67.0,216.0,Student,2.110074062357485,Low,121.0,6.3,16.0,iPhone,31.9
4.85,7.957042851101498,120.0,5.0,194.0,5.8892861659140125,Middle East,3.0,1.1267329842150715,,61.0,0.0,13.0,Bachelor,53.0,182.0,Unemployed_Looking,3.9410468212099072,Low,116.0,1.8,46.0,Laptop,26.2
5.17,7.609198435178178,88.0,2.0,195.0,6.72,,1.0,1.1598958860136597,,9.0,0.0,149.0,Bachelor,67.0,485.0,Unemployed_Looking,2.8476263955529464,,95.0,2.5,27.0,Android,30.8
7.30,7.923142579313484,34.0,14.0,196.0,4.653806823902567,Asia,1.0,1.0,Female,52.0,0.0,385.0,Bachelor,65.29930112427833,73.0,Student,1.7763961574433973,Upper-Mid,74.0,8.8,24.0,Laptop,18.5
4.73,9.410587703270249,40.0,8.0,197.0,7.0,Europe,4.0,6.941787314630066,Male,48.0,0.0,61.0,Master,56.0,347.0,Caregiver/Home,2.003646268027401,High,92.0,8.6,39.0,iPhone,27.4
7.30,7.300526302946451,188.0,14.0,198.0,17.685882867421313,Europe,5.0,4.788943583823562,Female,37.0,0.0,250.0,Master,67.0,325.0,Part-time/Shift,3.126453301076117,Upper-Mid,234.0,4.4,26.0,Laptop,52.3
4.04,8.77146394880482,82.0,8.0,199.0,6.651519738985906,South America,5.0,6.83231480991926,Female,25.0,0.0,154.0,Bachelor,65.29930112427833,504.0,Full-time Employee,3.098561336368652,Lower-Mid,78.0,1.0,30.0,Laptop,27.5
3.59,8.813515289892756,328.0,4.0,200.0,6.72,Africa,5.0,9.80923826957339,Female,41.59859976662777,0.0,177.0,Bachelor,54.0,222.0,Part-time/Shift,3.0546685544827903,Low,91.0,4.6,31.0,Laptop,20.8
5.36,5.868555260390817,183.0,11.0,201.0,5.30221217200277,Asia,7.0,1.4992806240062402,Female,70.0,0.0,63.0,High School,69.0,124.0,Student,2.2824632140923176,Low,148.0,9.4,17.0,Tablet,36.68415185296776
10.52,5.863611624605928,32.0,12.0,202.0,7.0,Europe,2.0,2.1583105890244894,Male,54.0,0.0,235.0,Bachelor,71.0,138.0,Full-time Employee,1.897477501965941,Upper-Mid,241.0,9.3,28.0,Tablet,47.0
4.82,6.557886825688028,166.0,12.0,203.0,7.473146253542047,Africa,0.0,1.250549931411157,Female,75.0,0.0,154.0,,76.0,111.0,Full-time Employee,3.7958043745256633,Lower-Mid,133.0,6.57,22.0,Laptop,23.0
10.88,7.578714602515447,38.0,10.0,204.0,9.0,Africa,6.0,3.730990135965859,Male,56.0,0.0,76.0,Bachelor,65.29930112427833,164.0,Caregiver/Home,2.258534589388062,Low,204.0,7.0,35.0,Tablet,45.9
5.07,7.941461535050935,105.91,6.0,205.0,6.735196580544832,South America,1.0,6.3602360825351845,Female,54.0,0.0,165.0,Bachelor,51.0,134.0,,2.87326824750926,Upper-Mid,95.0,6.9,29.0,Tablet,22.3
4.91,8.444298408667402,60.0,7.0,206.0,6.72,Asia,3.0,8.01479764456307,Female,37.0,0.0,57.0,,56.0,326.0,Student,2.00805824966081,Low,123.0,2.9,20.0,Android,28.1
8.49,7.26,234.0,8.0,207.0,4.0,Middle East,5.0,4.87,Male,41.59859976662777,0.0,132.0,Bachelor,70.0,514.0,Full-time Employee,1.1484402998821497,Upper-Mid,170.0,9.1,30.0,Laptop,45.9
7.47,7.651309898808945,71.0,13.0,208.0,4.0,Europe,3.0,5.027120475288755,Male,0.0,0.0,28.0,Master,70.0,1200.0,Part-time/Shift,1.91059312941754,Lower-Mid,64.0,5.0,49.0,Tablet,53.8
6.76,7.26,229.0,13.0,209.0,6.72,Africa,3.0,3.970721811698872,Male,68.0,0.0,187.0,Bachelor,70.0,113.0,Unemployed_Looking,1.9795339846378983,Low,196.0,8.8,22.0,Tablet,36.75
8.5,7.68088891522971,106.0,13.0,210.0,4.0,South America,3.0,6.084840220555671,Male,16.0,0.0,158.0,Master,95.0,458.0,Full-time Employee,3.0018800636076755,Low,215.0,5.3,33.0,Laptop,47.7
5.58,7.26,202.0,8.0,211.0,10.468452250291298,Asia,4.0,6.918927542414314,Female,35.0,0.0,162.0,Bachelor,71.0,301.0,Student,2.1247969158064146,Low,163.0,7.8,18.0,Tablet,31.9
7.79,9.300560706877537,42.0,8.0,212.0,8.645015071038744,South America,7.0,6.748009127962276,Female,0.0,0.0,187.0,PhD,76.0,830.0,Caregiver/Home,3.325893376214758,Low,127.0,5.7,36.0,Tablet,49.1
4.72,7.661759586121357,58.0,3.0,213.0,6.0,Asia,4.0,4.02380580987033,Male,36.0,0.0,49.0,Bachelor,75.0,468.0,Full-time Employee,4.113944190068164,Low,79.0,9.7,22.0,Tablet,27.2
4.55,7.692987876536175,221.0,8.0,214.0,4.0,Africa,5.0,2.81200734372862,Male,66.0,0.0,28.0,Master,72.0,117.0,Full-time Employee,3.080209767366389,High,11.0,9.9,33.0,Android,13.2
6.03,7.492871265182833,0.0,3.0,215.0,6.693534472685768,Europe,7.0,9.668476793266958,Female,65.0,0.0,167.0,Bachelor,62.0,237.0,Full-time Employee,3.2752580678207623,Upper-Mid,142.0,6.57,27.67,Tablet,31.6
6.49,7.65222602109492,98.0,8.0,216.0,4.0,North America,5.0,3.792794871354104,Male,0.0,0.0,226.0,High School,73.0,544.0,Student,3.1532771976177143,Low,127.0,6.0,14.0,Tablet,36.8
7.30,7.26,202.0,9.05,254.22,6.0,Africa,3.0,7.039996051158368,Male,67.0,0.0,146.30,High School,57.0,217.0,Full-time Employee,2.82,Upper-Mid,44.0,8.1,27.67,,14.4
7.77,7.297938277348439,79.0,12.0,218.0,2.0,Europe,1.0,2.221390480895151,Male,60.0,0.0,33.0,Bachelor,63.0,259.0,Caregiver/Home,2.8050096552556725,Upper-Mid,150.0,9.5,46.0,Tablet,37.7
7.1,6.468121452125902,218.0,8.0,219.0,6.867677371583532,North America,6.0,1.0,Female,31.0,1.0,116.0,Bachelor,64.94,327.0,Part-time/Shift,3.207572007573952,Lower-Mid,185.0,10.0,22.0,Android,38.7
3.66,10.04647868028408,2.0,2.0,220.0,2.0,North America,4.0,1.0,Male,42.0,0.0,326.0,High School,66.0,160.0,,4.086282033638041,Lower-Mid,78.0,9.9,21.0,Laptop,17.0
4.83,7.26,0.0,4.0,221.0,5.758555968938026,Middle East,3.0,7.101171356920445,Female,48.0,0.0,73.0,High School,64.94,334.0,Student,2.9157468333838783,Lower-Mid,90.0,9.4,19.0,Android,24.3
3.88,5.485115535963542,216.0,4.0,222.0,5.0,Middle East,4.0,2.004521570318972,Male,50.0,0.0,386.0,High School,46.0,218.0,Student,4.132295245829065,Low,120.0,10.0,16.0,Laptop,22.6
9.8,7.549901783514444,147.0,14.0,223.0,3.0,South America,5.0,1.0,Male,19.0,0.0,142.0,High School,72.0,297.0,Full-time Employee,2.087852857279267,Upper-Mid,147.04,9.6,38.0,Tablet,45.3
12.27,7.185307035782743,75.0,25.0,224.0,21.089109075686828,Asia,3.0,8.08137997413193,Female,0.0,1.0,12.0,Master,49.0,826.0,Full-time Employee,1.0,Low,275.0,4.5,46.0,Tablet,73.9
6.98,6.443519712301987,105.91,12.0,225.0,7.7986960177659315,Middle East,5.0,1.0,Female,43.21,0.0,57.0,Bachelor,60.0,346.0,Part-time/Shift,2.13231301236078,High,128.0,7.6,28.0,iPhone,34.6
7.37,7.079217375055401,168.0,9.0,226.0,5.0,South America,6.0,5.853818647511441,Male,53.0,0.0,210.0,Bachelor,76.0,214.0,Full-time Employee,2.2966172406501872,Lower-Mid,112.0,4.8,41.0,Android,31.5
9.51,6.722966770881093,52.0,15.0,227.0,6.0,Europe,3.0,1.1816323664810278,Male,51.0,0.0,122.0,High School,64.94,217.0,Full-time Employee,2.82,Low,158.0,9.8,37.0,Android,40.5
4.48,7.390932646135059,180.0,3.0,228.0,6.0,Asia,5.0,9.805543415822063,Male,29.0,0.0,105.0,Bachelor,54.0,466.0,Part-time/Shift,3.1693641890848325,Upper-Mid,39.0,7.2,45.0,Laptop,25.9
5.64,6.889787908743505,117.0,6.0,229.0,4.135883991394918,North America,7.0,5.581572234611816,Female,78.0,0.0,70.0,Bachelor,58.0,82.0,Part-time/Shift,3.293648237243523,Low,178.0,8.4,22.0,iPhone,28.5
9.84,7.756025000386788,0.0,12.0,230.0,6.614378636504021,South America,1.0,2.2992981488364057,Female,41.59859976662777,0.0,336.0,Master,72.0,122.0,Full-time Employee,2.82,Low,213.0,7.5,27.67,iPhone,42.8
5.24,6.2326238641302165,97.0,8.0,231.0,5.0,Europe,5.0,1.0,Male,35.0,0.0,103.0,High School,58.0,526.0,Part-time/Shift,3.054564193454995,Low,100.0,9.6,19.0,Tablet,32.0
7.11,7.561100407713013,105.91,10.0,232.0,3.420890369275764,Europe,1.0,4.234149531102935,Female,0.0,0.0,63.0,Master,67.0,1196.0,Full-time Employee,1.699301774652409,Upper-Mid,157.0,9.7,25.0,Tablet,58.7
3.25,9.46735071527788,0.0,8.0,233.0,6.72,,6.0,1.0,Male,56.0,0.0,58.0,Master,65.0,215.0,Full-time Employee,3.221507922453452,Upper-Mid,147.04,7.7,34.0,iPhone,19.2
13.62,5.129584077675505,211.0,18.0,234.0,14.0,Africa,4.0,6.9552227374761255,Male,72.0,0.0,83.0,Master,58.0,187.0,Student,1.1175524780549042,Lower-Mid,301.0,2.0,24.0,Android,60.7
5.39,7.930447592980635,0.0,8.0,235.0,3.0,Europe,1.0,5.29442013965722,Male,43.21,0.0,295.0,,86.0,128.0,Full-time Employee,3.8294777727890215,Low,107.0,6.57,27.0,Laptop,22.7
6.61,5.884999907416903,81.0,2.0,236.0,2.9592932093594584,North America,1.0,1.3083709084462791,,35.0,0.0,29.0,Bachelor,71.0,388.0,Part-time/Shift,3.843451063900219,Lower-Mid,124.0,9.8,31.0,Android,34.4
14.34,6.5973429183889705,0.0,20.0,237.0,19.0,Asia,2.0,9.171735780262502,Male,56.0,1.0,51.0,Master,45.0,316.0,Full-time Employee,2.82,,303.0,2.6,34.0,Tablet,67.2
7.11,7.3585403664847,36.0,6.0,238.0,1.0,Africa,2.0,1.122103146605212,Male,62.0,0.0,102.0,Bachelor,67.0,331.0,Unemployed_Looking,2.9085940737164293,Low,115.0,8.9,44.0,Laptop,34.8
6.53,6.288816461270095,241.0,13.0,239.0,6.0,Asia,3.0,10.0,Male,71.0,0.0,142.0,High School,58.0,47.0,Student,1.9659076197257537,Low,216.0,0.0,16.0,Laptop,32.4
7.30,7.26,127.0,12.0,240.0,3.0,Middle East,3.0,10.0,Male,51.0,0.0,89.0,Bachelor,74.0,311.0,Full-time Employee,1.931114134458632,Lower-Mid,230.0,0.0,23.0,Android,48.4
1.79,7.683498700532428,247.0,0.0,241.0,10.214912929300793,Asia,4.0,1.8935728010669648,Female,67.0,0.0,66.0,High School,57.0,124.0,Student,4.153035646486497,Upper-Mid,48.0,8.7,22.0,Android,9.4
6.49,7.930277910110763,31.0,6.0,242.0,5.0,Asia,5.0,8.809801513523475,Male,34.0,0.0,440.0,Bachelor,64.0,152.0,Part-time/Shift,2.1581370508923348,Lower-Mid,150.0,6.0,20.0,iPhone,29.6
14.57,7.26,206.0,18.0,243.0,21.0,North America,3.0,2.897601977747155,Male,49.0,0.0,144.0,High School,70.0,316.0,Part-time/Shift,2.924860288945168,Upper-Mid,288.0,3.0,28.0,Tablet,65.1
5.09,7.256756179340625,63.0,4.0,244.0,5.0,Asia,1.0,3.2357258706688925,Male,15.0,0.0,146.30,Master,74.0,456.0,Full-time Employee,3.753712704157557,Low,117.0,9.4,30.0,Laptop,31.8
3.57,7.709356436918653,37.0,9.05,245.0,12.097724902656088,Africa,1.0,9.305380138193147,Female,64.0,0.0,109.0,Master,53.0,274.0,Student,3.874924273894064,Low,74.0,9.2,23.0,Android,19.9
1.52,9.232888992706757,0.0,3.0,246.0,3.0,South America,2.0,1.0,Male,54.0,0.0,170.0,Bachelor,62.0,183.0,Full-time Employee,4.84028364632396,Lower-Mid,27.0,9.1,44.0,Android,10.4
4.45,6.651819360654118,55.0,6.0,247.0,6.72,Europe,3.0,1.1589326341836488,Male,49.0,0.0,219.0,Bachelor,60.0,176.0,Full-time Employee,3.0647320826162456,Lower-Mid,100.0,9.0,25.0,Tablet,21.6
6.94,6.042853575073258,0.0,10.0,248.0,3.0,South America,4.0,3.909728649094887,Male,74.0,0.0,42.0,PhD,58.0,149.0,Full-time Employee,2.914101878483357,Upper-Mid,86.0,8.2,33.0,Android,26.4
9.53,7.380497609295975,99.0,7.0,249.0,6.72,Europe,3.44,10.0,Female,9.0,1.0,146.30,Bachelor,83.0,445.0,Full-time Employee,2.963285491033876,Lower-Mid,183.0,1.2,45.0,Laptop,48.8
6.56,7.282014186233804,8.0,9.05,250.0,2.79995165802582,Africa,3.0,1.0,Female,74.0,0.0,68.0,High School,69.0,199.0,Student,2.996385115299233,Low,153.0,9.9,13.0,Tablet,36.68415185296776
2.59,8.363287463448385,11.0,0.0,251.0,7.0,Africa,5.0,4.011682344750125,Male,48.0,1.0,208.0,Bachelor,52.0,332.60,Student,4.137739383087495,High,98.0,9.4,24.0,,20.0
12.22,7.691944828664089,163.0,17.0,252.0,16.37448058040959,Europe,3.0,8.048860739634565,Female,38.0,1.0,140.0,High School,74.0,232.0,Student,1.0,Lower-Mid,250.0,1.9,16.0,iPhone,53.0
6.42,8.144648457605745,127.0,7.0,253.0,4.0,Europe,5.0,5.74071880977801,Male,31.0,0.0,131.0,Bachelor,86.0,398.0,,3.2263461543643523,Lower-Mid,83.0,9.3,30.0,Tablet,30.2
4.91,6.943350154290872,140.0,4.0,254.0,2.0,Africa,5.0,5.892088084355555,Male,2.0,0.0,493.0,High School,75.0,613.0,Student,4.167162604854712,Lower-Mid,128.0,8.2,13.0,iPhone,34.7
9.9,6.896037526719087,0.0,10.0,255.0,10.274073636804438,North America,2.0,5.293050546951641,Female,30.0,1.0,141.0,Master,50.0,428.0,Unemployed_Looking,2.846995550699604,Upper-Mid,120.0,4.6,43.0,Android,44.6
14.36,6.065493350976936,0.0,21.0,256.0,19.0,North America,2.0,3.117988461656035,Male,54.0,0.0,183.0,,60.0,341.0,Full-time Employee,1.0,Lower-Mid,307.0,1.3,20.0,iPhone,66.5
3.51,7.826428576243644,167.0,2.0,257.0,5.0,Europe,3.0,10.0,Male,47.0,0.0,112.0,High School,78.0,90.0,Student,1.9809052353985,Low,147.04,1.8,17.0,Laptop,16.6
8.06,6.566490050705641,0.0,9.05,258.0,1.0,North America,3.0,4.135577744763467,Male,59.0,0.0,336.0,High School,58.0,68.0,Student,1.971986818064264,Lower-Mid,134.0,9.3,13.0,Android,29.3
7.81,6.995013039101288,196.0,9.0,254.22,5.0,Africa,5.0,1.0,Male,80.0,0.0,54.0,Master,69.0,139.0,Full-time Employee,3.055816260065876,Upper-Mid,157.0,9.4,28.0,,33.5
4.57,9.027502549980538,159.0,4.0,260.0,3.0,Europe,2.0,7.153837040272051,Male,43.21,0.0,18.0,Bachelor,73.0,378.0,Full-time Employee,3.88938605487026,Low,147.04,1.0,25.0,Tablet,27.0
5.2,7.556211501133073,130.0,2.0,261.0,0.0,Europe,6.0,4.87,Male,63.0,0.0,172.0,High School,56.0,29.0,,3.182997573877699,Low,152.0,9.7,16.0,Android,23.4
13.38,5.191063841627979,184.0,16.0,262.0,16.0,Europe,0.0,9.3503157108911,Male,41.0,1.0,71.0,Master,64.0,269.0,Part-time/Shift,1.0,Lower-Mid,279.0,6.7,24.0,Android,60.2
5.69,8.544712616808186,0.0,8.0,263.0,8.6002096698399,Asia,5.0,9.860941820397343,Female,69.0,0.0,74.0,Bachelor,33.0,216.0,Student,2.168105842517071,Lower-Mid,131.0,1.9,20.0,iPhone,28.6
4.2,8.95813695821271,141.0,0.0,264.0,6.0,Middle East,3.44,10.0,Male,40.0,0.0,61.0,High School,55.0,404.0,Student,5.0,Lower-Mid,110.0,3.1,16.0,Tablet,27.0
5.02,7.97590941383915,105.91,1.0,265.0,4.9455200444647085,Europe,3.0,3.063995104185077,Female,56.0,0.0,181.0,Master,62.0,145.0,Part-time/Shift,3.017484826559599,Lower-Mid,75.0,9.8,43.0,Laptop,21.7
14.76,7.212679772357706,0.0,24.0,266.0,25.16611919399226,Europe,4.0,9.900374004892896,Female,30.0,1.0,228.0,Master,53.0,320.0,Unemployed_Looking,1.0158529808463823,Low,289.0,1.0,34.0,Tablet,66.9
9.47,7.418946635968447,258.0,12.0,267.0,1.0,North America,7.0,3.655658440321092,Male,22.0,0.0,34.0,Bachelor,81.0,460.0,Unemployed_Looking,3.310024705569627,Upper-Mid,139.0,5.9,29.0,iPhone,43.9
3.88,7.465981853953018,128.0,4.0,268.0,12.97368136589747,South America,0.0,4.425624880151612,Female,18.0,0.0,139.0,Bachelor,51.0,472.0,Full-time Employee,4.735541800025461,Upper-Mid,99.0,6.57,20.0,iPhone,27.6
3.88,9.041452062871013,68.0,2.0,269.0,5.0,Europe,4.0,6.961135446729301,Male,42.0,0.0,82.0,Master,61.0,395.0,Full-time Employee,2.985318570606348,Upper-Mid,107.0,7.7,33.0,Tablet,27.2
11.14,7.999131593986847,166.0,19.0,270.0,9.0,Europe,2.0,7.076897389311099,Male,31.0,0.0,160.0,High School,66.0,437.0,Student,1.0,Lower-Mid,207.0,0.0,17.0,iPhone,52.4
7.30,7.762595047366129,48.0,9.0,271.0,8.0,North America,5.0,1.0,Male,39.0,0.20,146.30,Bachelor,79.0,148.0,Full-time Employee,1.2246432788305366,High,295.0,5.6,31.0,Laptop,53.8
3.74,7.499952831149457,0.0,0.0,272.0,7.0,Europe,6.0,4.87,Male,55.0,0.0,113.0,Bachelor,51.0,332.60,Student,5.0,Upper-Mid,116.0,9.8,20.0,Tablet,24.3
8.16,8.38579339647291,13.0,10.0,273.0,3.0,South America,1.0,2.139663791903618,Male,75.0,0.0,146.30,Bachelor,77.0,118.0,Full-time Employee,3.732561953561348,Lower-Mid,175.0,8.9,50.0,Android,37.2
5.78,8.832843307020891,131.0,11.0,274.0,4.0,Asia,4.0,5.763312400424851,Male,16.0,1.0,223.0,High School,65.0,407.0,Full-time Employee,4.053438451893324,,84.0,8.6,41.0,Android,30.7
7.30,7.099881488588595,32.0,26.0,275.0,16.0,South America,3.0,5.157926128356675,,55.0,0.0,33.0,High School,55.0,268.0,Student,2.82,Lower-Mid,319.0,6.418568102444702,14.0,Tablet,66.3
5.88,7.199954450265255,9.0,5.0,276.0,4.270693422972757,North America,2.0,4.184705578875915,Female,43.21,0.0,115.0,High School,70.0,187.0,,1.0,Upper-Mid,134.0,4.5,30.0,iPhone,36.68415185296776
5.14,6.910439772592074,105.91,6.0,277.0,3.0347118199023377,Europe,3.44,1.0,Female,68.0,0.0,16.0,High School,67.0,332.60,Caregiver/Home,2.82,Low,93.0,10.0,40.0,Laptop,21.5
0.76,8.48999887723483,37.0,9.05,278.0,8.0,North America,4.0,4.844621284325979,Male,12.0,0.0,283.0,Bachelor,59.0,461.0,Caregiver/Home,4.043379515664156,Upper-Mid,21.0,7.7,37.0,iPhone,14.6
6.55,9.094869842608864,0.0,1.0,279.0,2.0,Asia,3.0,1.0,Male,43.21,0.0,187.0,High School,66.0,268.0,Full-time Employee,2.9554821614483435,Lower-Mid,140.0,5.7,19.0,iPhone,31.7
4.32,7.376019272712616,65.0,4.0,254.22,4.0,Europe,2.0,10.0,Male,28.0,0.0,206.0,High School,64.94,257.0,Student,3.8815440160635992,Low,88.0,0.3,27.67,Laptop,21.5
4.02,8.925197908703062,0.0,2.0,281.0,1.0,North America,0.0,10.0,Male,0.0,0.0,122.0,High School,66.0,896.0,Full-time Employee,4.732800168667977,Low,62.0,5.7,43.0,Laptop,37.2
4.65,6.794407381003866,163.0,6.0,282.0,5.961165468506277,Europe,7.0,4.725170740971019,Female,42.0,0.0,146.30,High School,72.0,113.0,Student,2.82,Low,76.0,9.7,16.0,Android,17.3
10.27,8.307969576682346,0.0,9.0,283.0,9.073546664206464,North America,3.0,1.0,,72.0,0.0,26.0,Bachelor,64.94,152.0,Caregiver/Home,1.0,High,217.0,9.7,44.0,Laptop,45.9
7.30,7.010509777760006,105.91,4.0,284.0,4.0,Middle East,3.0,5.0055927830588125,Male,59.0,0.20,214.0,Bachelor,53.0,213.0,Part-time/Shift,4.028975322075867,Low,129.0,4.5,24.0,Android,29.7
10.19,7.426065731545327,121.0,9.05,285.0,12.975424713528712,Europe,3.0,5.007040320666336,Female,8.0,0.0,32.0,Bachelor,86.0,568.0,Full-time Employee,1.0,Low,204.0,3.6,29.0,Tablet,53.7
4.21,8.461759462998268,76.0,0.0,286.0,4.0,South America,7.0,9.45001031539452,Male,44.0,0.0,164.0,Bachelor,45.0,313.0,Student,4.299931104336625,,93.0,0.0,23.0,Tablet,24.2
1.97,7.993993787578058,26.0,6.0,287.0,5.0,Middle East,2.0,10.0,Male,49.0,0.0,51.0,Bachelor,63.0,145.0,Student,2.9064198287027514,Lower-Mid,73.0,9.0,20.0,iPhone,36.75
12.66,6.353313827041951,143.0,17.0,254.22,4.0,Asia,4.0,9.9517152187958,Male,9.0,1.0,360.0,Master,64.94,486.0,,1.0680260423206536,Lower-Mid,251.0,6.418568102444702,33.0,Android,62.2
5.62,6.942310290019565,115.0,2.0,289.0,7.0,Europe,4.0,1.915240231629496,Male,43.21,0.0,214.0,High School,68.0,150.0,Student,3.993234118482972,Upper-Mid,144.0,8.6,20.0,Tablet,26.8
5.57,6.988012105094141,77.0,8.0,290.0,0.0,Europe,5.0,3.9265326006832657,Male,33.0,0.0,179.0,Bachelor,59.0,349.0,Student,2.0480176537070585,Low,144.0,6.57,21.0,iPhone,32.1
4.75,8.308902030181786,205.0,6.0,291.0,2.6765444851595266,North America,6.0,1.0,Female,61.0,0.0,146.30,,63.0,131.0,Student,3.1822596792968096,Low,134.0,9.1,18.0,Tablet,23.4
5.6,7.704907795872871,194.0,11.0,292.0,3.0,Africa,5.0,4.87,Male,30.0,0.0,200.0,Master,60.0,412.0,Full-time Employee,2.1515952385554984,Lower-Mid,176.0,8.8,29.0,Android,37.2
7.82,6.108755313741521,164.0,4.0,293.0,9.068368581718282,Asia,3.44,9.862765981835311,Female,33.0,0.0,68.0,Bachelor,65.29930112427833,454.0,Full-time Employee,3.015527524964177,Low,247.0,0.4,19.0,Android,48.7
9.28,6.121498734943564,208.0,13.0,294.0,8.551774699866188,North America,4.0,3.9084630438344186,Female,42.0,0.0,17.0,Bachelor,73.0,404.0,Full-time Employee,2.034178950652932,Lower-Mid,245.0,8.8,35.0,Android,51.8
4.72,6.681535868409432,177.0,6.0,295.0,6.066268985304372,Europe,2.0,1.1491899604947426,Female,35.0,1.0,95.0,High School,69.0,373.0,Student,2.998520601831855,Low,161.0,9.8,14.0,Android,31.3
4.17,7.26,137.0,2.0,296.0,5.652350169542082,,4.0,4.965167724121051,Female,0.0,0.0,111.0,High School,58.0,831.0,Full-time Employee,2.959653824097666,Low,48.0,0.0,36.0,Tablet,34.3
3.88,8.270443562650962,0.0,9.05,297.0,3.6203007429442575,Europe,7.0,4.87,Female,57.0,1.0,124.0,Bachelor,74.0,215.0,Student,3.2538272493326423,Upper-Mid,89.0,9.7,23.0,iPhone,19.8
11.48,3.811887895548807,103.0,16.0,298.0,12.396402850886082,Europe,4.0,9.860578183403751,Female,57.0,0.0,63.0,Bachelor,68.0,361.0,Full-time Employee,3.1467552217665893,Low,147.0,4.3,18.0,Android,36.68415185296776
10.26,7.543951773883193,0.0,12.0,299.0,10.05463799623998,Europe,1.0,5.385185772584811,Female,37.0,0.0,31.0,Master,64.94,470.0,,1.8100411539478567,Low,175.0,6.57,46.0,iPhone,50.9
11.77,5.758517969055287,132.0,9.05,300.0,13.0,Asia,0.0,2.549749290075272,Male,88.0,0.0,36.0,High School,71.0,109.0,,1.0,Lower-Mid,252.0,6.4,19.0,Laptop,49.3
9.97,5.458161019770204,102.0,13.0,301.0,7.0,Africa,4.0,7.942229575966705,Male,56.0,1.0,209.0,High School,65.29930112427833,108.0,Full-time Employee,1.1103634641884488,Lower-Mid,221.0,6.5,22.0,Laptop,43.1
8.33,6.7192640470016975,105.91,11.0,302.0,6.0,North America,3.44,2.550685638467441,Male,57.0,0.0,237.0,High School,59.0,235.0,Student,1.2943404709522228,Lower-Mid,190.0,6.8,27.67,Laptop,39.0
7.3,6.139275851977319,229.0,2.0,254.22,4.0,Asia,5.0,3.942290114570516,Male,13.0,0.0,142.0,PhD,72.0,490.0,Full-time Employee,3.114394242182451,Low,131.0,5.9,33.0,Android,39.4
5.34,7.0573614247936405,104.0,7.0,304.0,5.0,Africa,3.0,1.0,Male,14.0,0.0,206.0,Bachelor,71.0,439.0,Full-time Employee,3.9816588210930095,Upper-Mid,143.0,9.1,32.0,Tablet,34.4
6.76,6.902786525681504,90.0,4.0,305.0,9.16316664915574,Asia,3.0,4.87,Female,63.0,0.0,150.0,Master,65.29930112427833,203.0,Part-time/Shift,3.939134934271996,Lower-Mid,125.0,8.8,32.0,Android,36.68415185296776
7.30,7.958315882223122,151.0,6.0,306.0,2.173948504059274,Europe,6.0,1.0,Female,29.0,0.0,373.0,Bachelor,66.0,345.0,Full-time Employee,4.160819752387005,Upper-Mid,100.0,8.6,39.0,Tablet,28.2
7.7,6.547524426286357,0.0,11.0,307.0,3.0,Africa,6.0,1.0,Male,50.0,1.0,130.0,High School,78.0,332.60,Full-time Employee,2.206014459149672,High,170.0,8.1,26.0,Laptop,36.4
16.14,4.403939103698832,173.0,23.0,308.0,4.0,Asia,7.0,9.588826129195368,Male,54.0,1.0,220.0,High School,59.0,225.0,Student,1.2410291011243668,Upper-Mid,293.0,2.6,27.0,Laptop,67.2
9.81,6.243760626622593,225.0,10.0,254.22,5.0,North America,6.0,4.648607159624204,Male,71.0,0.0,154.0,High School,70.0,166.0,Student,2.2122289711212333,Lower-Mid,237.0,9.8,18.0,Android,44.8
6.34,7.114793625345644,14.0,7.0,310.0,4.635015363818249,Europe,2.0,1.144804715606057,,28.0,0.20,386.0,High School,63.0,182.0,Student,1.9098760595180928,Lower-Mid,156.0,9.9,17.0,Laptop,30.2
12.94,5.045013919760537,71.0,17.0,311.0,15.0,South America,6.0,9.71991509937192,Male,38.0,1.0,146.30,Bachelor,63.0,208.0,Caregiver/Home,2.254347328333989,Low,276.0,0.0,50.0,Android,59.7
15.19,4.974263908373841,0.0,22.0,312.0,24.28288025968142,Europe,7.0,9.561521529947353,Female,45.0,0.0,107.0,Bachelor,76.0,295.0,Full-time Employee,1.3479751984040087,,147.04,2.5,44.0,Tablet,64.0
5.52,7.060510311567605,82.0,6.0,313.0,4.874784039016554,North America,3.0,1.0,Female,16.0,0.0,227.0,Bachelor,73.0,320.0,Student,3.951753549659522,Lower-Mid,104.0,10.0,22.0,iPhone,27.6
11.93,4.216284613701341,212.0,14.0,314.0,16.26865745597088,Europe,4.0,9.912298724783843,Female,72.0,0.20,69.0,High School,73.0,178.0,Student,1.0768957487348465,Lower-Mid,240.0,5.6,17.0,Laptop,50.2
6.56,6.980966432937818,88.0,6.0,315.0,4.425323256171201,South America,1.0,1.0,Female,48.0,1.0,97.0,Master,78.0,182.0,Full-time Employee,3.836897259857936,Low,125.0,8.8,23.0,iPhone,28.2
7.31,8.623898580218082,99.0,8.0,316.0,0.0,North America,5.0,1.0,Male,55.0,0.0,35.0,Bachelor,65.0,320.0,Full-time Employee,3.14820059772545,Low,176.0,2.4,27.0,Laptop,38.6
5.77,8.142307875084382,130.0,5.0,317.0,5.120011584996313,Middle East,3.0,2.103255639608041,,31.0,1.0,219.0,High School,72.0,302.0,Full-time Employee,2.948067404193612,Upper-Mid,130.0,7.2,28.0,Android,30.5
4.53,7.574979512254281,102.0,2.0,318.0,2.0,Africa,3.0,4.87,Male,44.0,0.0,119.0,Bachelor,62.0,284.0,Student,3.920636984117929,Lower-Mid,78.0,8.0,22.0,Android,36.75
13.07,4.233224069406306,102.0,8.0,319.0,18.0,Europe,1.0,9.296027672355237,Male,43.21,1.0,100.0,Bachelor,68.0,491.0,Full-time Employee,1.8373711820009464,Lower-Mid,295.0,7.0,18.0,iPhone,65.8
8.36,7.704017382172017,24.0,8.0,320.0,7.131702945641355,Asia,0.0,6.467845752359865,Female,28.0,0.0,135.0,Bachelor,64.0,564.0,Part-time/Shift,2.6470433158412074,Upper-Mid,211.0,7.5,30.0,Tablet,50.6
5.02,8.40053132850241,0.0,4.0,321.0,5.761578851573395,Asia,2.0,5.054241088094492,Female,55.0,0.0,121.0,High School,66.0,214.0,Part-time/Shift,3.878763759515961,Low,147.04,2.3,20.0,Laptop,21.8
3.47,8.823804083040624,87.0,7.0,322.0,5.919745256309108,North America,3.0,1.0,,71.0,0.0,121.0,PhD,71.0,173.0,,4.8443588239587045,Low,61.0,9.6,49.0,Android,17.9
12.34,4.899569365239102,60.0,22.0,323.0,13.03296372235377,Africa,5.0,6.965317688111098,Female,27.0,1.0,297.0,Master,57.0,274.0,Part-time/Shift,1.0649895407667378,Low,293.0,2.7,32.0,Tablet,60.0
6.76,6.311139933890592,91.0,21.0,324.0,11.465101848334232,Middle East,3.44,1.336232754685045,Female,57.0,0.0,69.0,High School,86.0,257.0,Student,1.0,Lower-Mid,172.0,4.6,14.0,Laptop,36.68415185296776
8.65,7.0488266233578845,24.0,11.0,325.0,8.605941829528982,Middle East,0.0,1.0,Female,13.0,0.0,285.0,Bachelor,55.0,443.0,Part-time/Shift,1.7872226543323244,Low,124.0,7.4,35.0,,36.68415185296776
6.26,6.6986767009634,68.0,9.0,326.0,2.0,,7.0,9.59499060037728,Male,45.0,0.0,305.0,High School,53.0,293.0,Student,3.3259843503483806,,126.0,0.3,17.0,Android,30.6
3.34,8.192645134511878,13.0,0.0,327.0,6.534919593335843,Africa,2.0,1.0,Female,46.0,0.0,138.0,Bachelor,77.0,395.0,Full-time Employee,3.864458996952264,Upper-Mid,97.0,9.6,22.0,,23.6
10.39,5.950802842764285,63.0,14.0,254.22,13.351113908251463,Asia,2.0,4.934423309079667,Female,6.0,0.0,49.0,Bachelor,73.0,608.0,Full-time Employee,2.928624220900864,,147.04,7.6,23.0,iPhone,63.9
7.30,5.397508177680142,124.0,18.0,329.0,14.309011353068524,Middle East,5.0,6.930968635278168,Female,41.0,0.0,134.0,Bachelor,65.29930112427833,289.0,Full-time Employee,1.1761908101036709,Lower-Mid,245.0,4.0,21.0,Tablet,53.3
9.4,8.235756512003299,53.0,12.0,330.0,8.255867877882523,North America,2.0,1.0,Female,6.0,0.0,234.0,,71.0,435.0,Part-time/Shift,1.8841224887256405,Upper-Mid,174.0,9.7,28.0,Tablet,46.2
4.37,7.26,206.0,9.0,331.0,5.0,Africa,6.0,2.7440259751731224,Male,41.59859976662777,0.0,216.0,Master,65.0,438.0,Full-time Employee,3.1424753983207245,High,78.0,6.57,43.0,Tablet,27.8
8.27,6.747271514716647,102.0,9.0,332.0,5.0,Asia,3.0,8.019200976717629,Male,0.0,0.0,257.0,Master,56.0,791.0,Full-time Employee,1.0,,158.0,8.4,46.0,Tablet,53.3
5.76,9.639060413890329,105.91,4.0,333.0,3.0,South America,5.0,1.0,Male,53.0,0.0,25.0,Master,66.0,424.0,Full-time Employee,4.126915041676044,Low,70.0,7.1,27.67,Android,30.2
5.89,8.529776197557478,0.0,6.0,334.0,2.0,Asia,2.0,10.0,Male,52.0,0.0,69.0,High School,58.0,317.0,Full-time Employee,2.82,Upper-Mid,97.0,4.1,32.0,Android,29.1
4.42,7.26,214.0,3.0,335.0,7.0,North America,5.0,1.0,Male,0.0,0.20,58.0,High School,75.0,923.0,Full-time Employee,3.1501620015811493,Low,45.0,5.0,37.0,Android,36.6
9.33,7.227876558035312,64.0,18.0,336.0,8.0,Europe,7.0,4.698081820563801,Male,42.0,1.0,115.0,,64.0,291.0,Unemployed_Looking,1.305569541843285,Low,206.0,8.2,40.0,Tablet,46.4
9.83,6.625026046815019,171.0,14.0,337.0,8.138404221059515,Europe,2.0,10.0,Female,0.0,0.0,110.0,Bachelor,57.0,974.0,Full-time Employee,1.914407866139085,Lower-Mid,188.0,6.57,23.0,iPhone,62.1
4.66,7.26,0.0,1.0,338.0,4.0,Middle East,0.0,10.0,Male,75.0,0.0,146.30,High School,65.29930112427833,140.0,Student,3.746332598809232,Lower-Mid,152.0,1.0,15.0,Android,24.7
15.71,6.4087494254400825,261.0,9.05,339.0,20.31359189876303,,5.0,9.749485071079912,Female,71.0,0.0,200.0,Master,69.0,91.0,Unemployed_Looking,1.1683018136904002,Lower-Mid,267.0,0.0,46.0,Tablet,62.0
6.64,6.89941420626637,51.0,11.0,340.0,6.0,Asia,4.0,3.026458659938233,Male,56.0,0.20,107.0,High School,59.0,299.0,Full-time Employee,2.042958616944241,Upper-Mid,174.0,8.8,30.0,Android,36.7
8.4,6.140042703389179,7.0,6.0,341.0,4.0,South America,2.0,6.260928460276052,Male,60.0,0.0,331.0,Bachelor,57.0,217.0,Full-time Employee,2.9022449865129243,Lower-Mid,256.0,6.9,18.0,Android,44.8
6.75,7.034429011285028,93.0,9.0,342.0,4.0,South America,3.0,1.0,Male,73.0,0.20,140.0,Bachelor,67.0,156.0,Full-time Employee,2.952153360528858,Lower-Mid,142.0,9.3,19.0,Laptop,36.75
9.59,8.682233285055792,107.0,14.0,343.0,7.0,South America,3.44,4.757135913090455,Male,37.0,0.0,68.0,Master,67.0,356.0,Part-time/Shift,2.182469344750312,Upper-Mid,245.0,6.57,34.0,Android,51.4
2.77,8.86517311039166,105.91,4.0,344.0,2.0,Asia,7.0,1.0,Male,40.0,0.0,162.0,Bachelor,60.0,262.0,Full-time Employee,4.358491430666271,,70.0,6.57,29.0,Tablet,17.7
12.69,7.26,92.0,23.0,345.0,18.52345339090891,Middle East,5.0,9.72697875864906,Female,56.0,1.0,49.0,Bachelor,60.0,215.0,Full-time Employee,1.029621226858326,High,236.0,0.0,31.0,Android,54.3
3.68,8.359695556900402,188.0,0.0,346.0,9.0,Europe,3.0,4.87,Male,17.0,0.0,324.0,Master,67.0,270.0,Part-time/Shift,2.015878374198848,Upper-Mid,96.0,3.7,32.0,Laptop,22.3
4.75,6.537516281981628,124.0,9.0,254.22,5.587610031568621,North America,0.0,2.302109258464472,Female,50.0,1.0,150.0,Bachelor,51.0,259.0,Full-time Employee,3.701359400178577,Upper-Mid,128.0,8.9,32.0,iPhone,27.8
6.81,7.52967110491212,102.0,13.0,348.0,8.618758937423022,Middle East,2.0,2.997751389755388,Female,82.0,0.0,50.0,Bachelor,51.0,185.0,Student,1.0,Lower-Mid,142.0,6.1,21.0,Android,30.9
7.30,9.764733725077798,45.0,0.0,349.0,9.64734382107783,Asia,3.0,9.121842973878383,Female,0.0,0.0,341.0,Bachelor,58.0,1154.0,Full-time Employee,3.985119248944405,Lower-Mid,80.0,9.7,31.0,Tablet,40.8
7.30,7.759014060920741,87.0,9.0,350.0,5.211420611645739,North America,1.0,2.194638820891793,Female,79.0,0.0,126.0,Bachelor,63.0,61.0,Full-time Employee,3.737790606930069,,117.0,9.7,24.0,Tablet,36.75
9.26,5.9044036156532,102.0,8.0,351.0,5.919462107908078,Europe,7.0,1.0,Female,50.0,0.0,168.0,High School,68.0,267.0,Student,1.250777795530857,,150.0,8.9,16.0,Android,38.6
10.57,6.3116822397217,222.0,12.0,352.0,7.865969712135297,Europe,4.0,5.001306354276944,Female,38.0,0.0,42.0,Bachelor,80.0,268.0,Part-time/Shift,3.009468036012243,Low,158.0,4.9,26.0,,36.68415185296776
5.95,9.267962445339336,96.0,12.0,353.0,2.0,Middle East,3.0,1.0,Male,60.0,1.0,33.0,Bachelor,65.29930112427833,173.0,Unemployed_Looking,1.96097046183188,,99.0,8.8,29.0,iPhone,25.0
8.91,8.313667200290324,105.91,10.0,354.0,6.516881387096513,Europe,4.0,9.979797367957197,Female,59.0,0.0,225.0,High School,64.94,268.0,Student,3.0117181339298584,Lower-Mid,160.0,2.2,15.0,iPhone,36.68415185296776
4.58,7.788871828039831,69.0,6.0,355.0,6.0,South America,7.0,1.0,Male,44.0,0.0,160.0,Bachelor,65.0,286.0,Unemployed_Looking,4.371634883410131,Lower-Mid,65.0,8.8,33.0,iPhone,22.4
8.37,6.8094276841939605,83.0,12.0,356.0,5.037916988735764,Africa,2.0,1.292420370577418,Female,38.0,0.0,180.0,High School,55.0,370.0,Unemployed_Looking,2.982006556969274,Lower-Mid,136.0,8.0,36.0,Laptop,40.1
10.59,7.732273269628852,198.0,9.05,357.0,8.0,Asia,3.0,6.040729534821398,Male,57.0,0.0,37.0,High School,65.0,227.0,Student,1.0,Low,167.0,5.5,13.0,Tablet,42.0
5.39,8.939654780896927,112.0,6.0,358.0,5.0,Asia,2.0,2.167946893283661,Male,44.0,0.0,311.0,Bachelor,62.0,263.0,Student,3.9193718663826633,Upper-Mid,77.0,8.1,27.67,Android,24.0
8.42,8.845350352756325,136.0,9.0,359.0,7.243585867234923,Africa,6.0,1.0,Female,51.0,0.0,45.0,Master,68.0,337.0,Full-time Employee,2.254627477485288,Upper-Mid,141.0,8.4,39.0,Android,39.7
6.7,7.44783368974417,65.0,9.0,360.0,3.0,South America,2.0,3.069299137612008,Male,59.0,0.0,181.0,Bachelor,65.29930112427833,221.0,Full-time Employee,1.919304991263932,,131.0,8.4,27.67,Android,30.6
10.53,7.202669434972236,45.0,9.0,361.0,11.0,,4.0,9.968950322920897,Male,43.21,1.0,78.0,High School,70.0,169.0,Full-time Employee,2.019019343683308,Low,225.0,0.0,30.0,Laptop,46.6
6.05,7.12009528208954,153.0,6.0,362.0,5.328777552324307,Middle East,1.0,3.2677062962782784,Female,35.0,0.0,20.0,Bachelor,64.94,512.0,Full-time Employee,1.8000663094396911,Low,182.0,9.6,31.0,Tablet,40.9
4.96,6.699525289429674,226.0,8.0,363.0,4.0,Europe,3.44,1.0,Male,22.0,0.0,132.0,Bachelor,64.0,426.0,Part-time/Shift,2.014511285599008,Low,158.0,8.5,18.0,iPhone,33.4
15.26,5.530824461867026,184.0,27.0,364.0,23.5895988216368,South America,3.0,9.92220536284312,Female,60.0,0.0,215.0,Master,65.29930112427833,123.0,Part-time/Shift,1.0,Lower-Mid,280.0,4.0,23.0,Laptop,60.8
5.33,5.709836338763876,64.0,8.0,365.0,5.0,North America,3.0,2.93568565335895,Male,0.0,0.0,54.0,High School,72.0,1193.0,Part-time/Shift,1.911542123307776,Low,72.0,5.7,16.0,Laptop,46.3
13.26,6.887574740865782,105.91,16.0,366.0,17.0,North America,7.0,9.7069187651964,Male,59.0,0.0,191.0,High School,61.0,108.0,Caregiver/Home,1.2858395080464398,Lower-Mid,222.0,0.9,46.0,Tablet,53.1
13.09,3.761120623452901,217.0,18.0,367.0,24.2221225572378,Middle East,2.0,10.0,Female,78.0,1.0,71.0,Bachelor,67.0,70.0,Full-time Employee,1.817015645579123,Low,300.0,6.57,27.67,Tablet,56.1
6.46,5.386563337570603,0.0,9.05,368.0,5.0,South America,3.0,2.010166816691087,Male,39.0,0.0,75.0,,65.0,435.0,Full-time Employee,1.962033647029728,Upper-Mid,114.0,10.0,25.0,,34.1
4.11,6.629942500449841,309.0,1.0,369.0,7.0,North America,6.0,1.833768146658846,Female,62.0,1.0,23.0,Master,65.29930112427833,140.0,Caregiver/Home,4.149265221076421,Lower-Mid,147.04,9.7,41.0,Tablet,19.8
7.30,4.895772775491872,26.0,14.0,370.0,20.0,Africa,4.0,5.84099459729723,Male,65.0,0.0,147.0,High School,57.0,83.0,Student,1.062265836427463,Lower-Mid,147.04,9.6,14.0,iPhone,57.7
0.88,10.713517137650609,148.0,0.0,371.0,8.0,Asia,3.44,1.0,Female,56.0,1.0,92.0,Bachelor,65.0,141.0,Unemployed_Looking,4.93806939669399,Lower-Mid,41.0,1.5,33.0,Android,7.9
9.89,6.770866322501425,270.0,13.0,372.0,10.352397525938812,North America,2.0,6.08229101218931,Female,56.0,0.0,304.0,High School,70.0,162.0,Part-time/Shift,1.9066847485381035,High,188.0,1.9,41.0,Android,42.8
6.53,7.26,25.0,11.0,373.0,6.0,Europe,3.0,7.166724978838437,Male,0.0,0.0,19.0,High School,80.0,1093.0,Full-time Employee,3.0261194111593737,Low,174.0,6.1,42.0,Laptop,57.2
8.21,7.26,105.91,11.0,374.0,6.0,Asia,4.0,1.090237322262736,,60.0,0.0,99.0,Bachelor,75.0,137.0,Part-time/Shift,2.1313973651431284,,120.0,8.2,19.0,Laptop,30.3
4.37,8.650943357773906,146.0,9.05,375.0,9.7738305166969,Europe,3.0,4.097404558377328,Female,35.0,0.0,146.30,Bachelor,87.0,346.0,Part-time/Shift,2.84564014529011,Upper-Mid,49.0,7.9,29.0,Laptop,21.1
6.68,5.858713408271663,25.0,9.0,376.0,4.5630122840924585,North America,0.0,3.419488852664526,Female,67.0,0.0,36.0,Bachelor,57.0,214.0,Unemployed_Looking,1.6906767392571709,Low,55.0,8.2,45.0,Android,26.0
4.9,8.397244823067703,250.0,9.05,377.0,3.0,South America,4.0,1.8843382419879244,Male,49.0,0.0,145.0,High School,65.29930112427833,365.0,Part-time/Shift,5.0,Low,90.0,6.9,15.0,iPhone,25.4
4.91,9.870990893214008,172.0,6.0,254.22,6.0,Asia,2.0,4.299578637426508,Male,57.0,0.0,28.0,Master,67.0,254.0,Caregiver/Home,1.9151721220634503,Lower-Mid,80.0,9.0,39.0,Laptop,24.1
14.29,4.792940922310174,213.0,21.0,379.0,17.0,Asia,7.0,9.632643768177804,Male,56.0,0.0,215.0,Bachelor,87.0,261.0,Student,1.2090612239204408,Lower-Mid,290.0,2.9,19.0,Laptop,62.0
8.82,6.416542817266518,34.0,12.0,254.22,6.89291476999198,Europe,4.0,6.999015463372122,Female,0.0,0.0,76.0,High School,64.94,836.0,Student,3.002820397997882,Lower-Mid,232.0,6.9,14.0,Laptop,59.2
11.77,7.059583230400456,34.0,12.0,381.0,14.0,Africa,2.0,4.135350363372488,Male,32.0,0.20,99.0,Bachelor,57.0,528.0,Part-time/Shift,1.0,Lower-Mid,188.0,5.3,27.0,Tablet,55.8
3.51,9.267749205724446,26.0,0.0,382.0,6.0,Middle East,2.0,1.0,Male,0.0,0.0,120.0,Bachelor,59.0,622.0,,2.89640014322071,Upper-Mid,93.0,9.8,22.0,Android,29.9
4.22,8.23325905895008,199.0,9.05,383.0,6.397853686330593,Asia,5.0,1.0,Female,45.0,0.0,108.0,High School,44.0,243.0,,4.150690582255655,Low,112.0,9.1,16.0,Tablet,23.5
1.38,8.173910625866256,134.0,5.0,384.0,8.0,South America,6.0,4.760918820337186,Male,53.0,0.0,200.0,Bachelor,60.0,223.0,Full-time Employee,3.2338780918758148,Low,42.0,8.4,28.0,Android,36.75
7.30,9.289127153918438,108.0,9.0,385.0,9.0,North America,0.0,5.472928111617817,Female,0.0,0.0,206.0,Bachelor,57.0,926.0,Part-time/Shift,2.749316165606653,Low,174.0,6.57,18.0,iPhone,53.6
5.2,9.30744572443398,45.0,6.0,386.0,6.72,Asia,3.0,1.0,Female,74.0,0.0,71.0,Master,67.0,134.0,Unemployed_Looking,2.981723140572709,Upper-Mid,63.0,9.7,32.0,Tablet,19.7
10.21,5.715662238685976,105.91,13.0,387.0,8.0,Europe,6.0,5.649871603044274,Male,50.0,0.0,79.0,Master,68.0,207.0,,2.214481294197728,Lower-Mid,78.0,6.6,25.0,Laptop,34.0
11.36,5.093629930468256,158.0,15.0,388.0,8.0,North America,1.0,9.203637781972896,Male,32.0,1.0,608.0,Bachelor,84.0,268.0,Full-time Employee,2.8455092420338364,Low,241.0,4.0,23.0,Tablet,36.68415185296776
11.65,7.551978169389115,133.0,17.0,389.0,7.0,Asia,3.0,1.0,Male,64.0,1.0,121.0,High School,75.0,162.0,Student,1.0,Lower-Mid,317.0,7.5,27.67,Tablet,55.5
10.25,7.739207603721618,31.0,15.0,390.0,8.808429919273305,Europe,2.0,2.0936723411906986,Female,17.0,0.0,146.30,Master,59.0,119.0,Caregiver/Home,1.0,Lower-Mid,177.0,9.2,45.0,iPhone,42.3
3.75,6.3812614510516665,0.0,8.0,391.0,1.0,Africa,5.0,1.0,Male,24.0,0.0,319.0,Bachelor,56.0,332.60,Part-time/Shift,2.0215855593906347,Low,147.04,9.5,27.67,Laptop,24.6
6.43,7.628935802666421,50.0,0.0,392.0,10.591670844443708,Europe,5.0,5.920367146630094,Female,38.0,0.0,441.0,High School,70.0,201.0,Student,3.0778515710894263,Lower-Mid,124.0,8.4,17.0,Laptop,28.0
4.17,7.435326192467428,68.0,5.0,393.0,7.9627452726857,Asia,4.0,4.887177036550262,Female,59.0,0.0,146.30,Bachelor,52.0,415.0,Student,2.0405869785053854,Low,78.0,7.9,21.0,iPhone,25.1
7.30,8.387209642065867,0.0,6.0,394.0,5.0,Asia,4.0,9.94182206203945,Male,76.0,0.0,25.0,,83.0,156.0,Full-time Employee,3.085555662892385,Low,126.0,1.1,29.0,Laptop,29.0
4.87,8.333323061532662,181.0,3.0,395.0,11.579916629367824,North America,5.0,1.0,Female,70.0,0.0,10.0,Bachelor,77.0,137.0,Full-time Employee,3.98204631739467,Upper-Mid,111.0,6.418568102444702,31.0,,22.6
10.13,6.7387295768469215,188.0,15.0,396.0,5.0,,6.0,9.670688675932476,Male,31.0,1.0,391.0,High School,60.0,167.0,Full-time Employee,2.210288089334317,Lower-Mid,237.0,1.7,26.0,iPhone,46.6
9.18,6.977297030753006,154.0,20.0,397.0,9.11181743703813,South America,3.0,4.153343457649853,Female,31.0,0.0,137.0,Bachelor,48.0,313.0,Student,2.0116601267119214,Low,231.0,6.7,21.0,Laptop,47.5
12.73,5.337151490410006,275.0,19.0,398.0,16.14026963146821,North America,1.0,10.0,Female,9.0,1.0,98.0,,79.0,720.0,Unemployed_Looking,1.0,Low,304.0,0.6,29.0,Android,72.3
6.05,7.086884446108861,190.0,13.0,399.0,4.15373602901207,South America,7.0,2.632158088915572,Female,19.0,0.0,64.0,PhD,64.0,332.60,Full-time Employee,3.2567124662032945,Low,149.0,9.9,30.0,Tablet,36.0
4.32,7.913180701661627,53.0,6.0,400.0,10.532012458491357,Middle East,4.0,9.95045605872627,Female,45.0,0.0,15.0,High School,77.0,285.0,Full-time Employee,3.0368832539901414,High,47.0,6.6,33.0,iPhone,36.75
6.54,5.472641882824198,93.0,6.0,401.0,3.841858431525315,Europe,6.0,4.713400557728989,Female,84.0,0.0,17.0,Bachelor,49.0,71.0,Full-time Employee,5.0,Lower-Mid,205.0,3.1,35.0,Android,34.1
3.76,7.26,102.0,9.05,402.0,6.72,South America,3.0,2.933526491283396,Female,0.0,0.0,52.0,Master,59.0,916.0,Unemployed_Looking,3.952406642064832,Lower-Mid,101.0,9.6,23.0,Tablet,38.8
3.05,8.724160379511368,290.0,1.0,403.0,3.106982422002349,Europe,3.0,1.106944904494231,Female,0.0,0.0,631.0,High School,65.0,262.0,Student,3.9204490472047127,Lower-Mid,97.0,8.7,15.0,Laptop,19.2
6.95,8.26652402330028,210.0,9.0,404.0,5.0,Africa,5.0,1.8837346377139,Male,40.0,0.0,124.0,Bachelor,65.0,252.0,Caregiver/Home,3.087347053811105,Lower-Mid,123.0,9.8,39.0,Android,32.6
8.38,7.637319629293073,25.0,15.0,405.0,6.896858101360757,South America,1.0,1.1962597343158785,Female,49.0,1.0,277.0,PhD,60.0,294.0,Full-time Employee,2.8339899336490366,High,145.0,6.4,27.0,iPhone,37.9
7.30,4.825643258801317,11.0,24.0,406.0,21.0,Europe,5.0,9.88085276066356,Male,36.0,1.0,155.0,Bachelor,71.0,321.0,Full-time Employee,3.138390430598288,Upper-Mid,323.0,0.7,35.0,Android,70.6
6.53,5.579356280677004,0.0,10.0,407.0,3.956462611816659,Africa,0.0,9.386810689636247,Female,0.0,1.0,159.0,Bachelor,54.0,1201.0,Full-time Employee,1.0,Low,143.0,9.8,45.0,Tablet,58.3
1.72,8.901814360601009,258.0,0.0,408.0,6.0,South America,3.0,6.934830528716265,Male,48.0,0.0,27.0,High School,64.0,156.0,Full-time Employee,2.9827410942261765,Upper-Mid,49.0,8.6,29.0,iPhone,36.75
6.29,5.1869714519451176,191.0,14.0,409.0,3.0,Europe,3.0,9.968965187179446,Male,57.0,1.0,123.0,Master,66.0,189.0,Student,2.0072573047985145,Lower-Mid,148.0,3.3,24.0,iPhone,30.1
5.34,8.352534549744174,141.0,5.0,410.0,4.0,Middle East,2.0,1.0,Male,49.0,1.0,162.0,PhD,70.0,180.0,Full-time Employee,2.82,Upper-Mid,101.0,9.0,44.0,Android,25.4
9.43,6.156287095486079,32.0,10.0,411.0,5.9067591537399045,South America,3.0,2.062032795156518,Female,22.0,0.0,133.0,High School,72.0,449.0,Part-time/Shift,1.8849545437478288,Lower-Mid,275.0,5.0,15.0,Laptop,54.1
3.24,8.981008285552079,158.0,0.0,412.0,5.0,North America,3.0,1.0,Male,70.0,0.0,131.0,PhD,54.0,67.0,Unemployed_Looking,3.929324892220417,Low,64.0,9.0,49.0,Tablet,15.3
7.17,6.958059970555449,43.0,12.0,413.0,6.2045594287010495,Asia,4.0,9.862088570922332,Female,40.0,0.0,159.0,,50.0,296.0,Full-time Employee,2.0403562204633907,High,151.0,2.0,27.67,iPhone,36.9
5.86,7.26,96.0,9.0,414.0,3.0,North America,3.0,5.99604799649592,,0.0,0.20,177.0,Bachelor,78.0,332.60,Student,2.82,Upper-Mid,153.0,6.3,22.0,Android,48.7
4.05,8.06838605747311,85.0,4.0,415.0,5.999633397990779,Africa,0.0,4.32125971234197,Female,50.0,0.0,144.0,High School,68.0,186.0,Student,2.6988819152599586,Low,67.0,2.8,27.67,Laptop,17.1
10.67,7.032081613447147,80.0,10.0,416.0,7.0,Europe,1.0,2.1826281739928355,Male,34.0,0.0,80.0,Bachelor,58.0,358.0,Student,1.0,Lower-Mid,146.0,8.7,19.0,Tablet,44.5
5.73,8.593037605181534,225.0,3.0,417.0,0.0,Europe,6.0,1.0,Male,14.0,0.0,36.0,PhD,81.0,603.0,Full-time Employee,4.310691723945939,Lower-Mid,96.0,9.2,39.0,iPhone,36.0
8.01,6.810011958469966,0.0,13.0,418.0,3.0,Asia,7.0,1.702429130741173,Male,64.0,0.0,146.30,Bachelor,65.29930112427833,111.0,Full-time Employee,3.300887046907254,Lower-Mid,116.0,6.9,20.0,iPhone,29.2
11.0,6.720539695266459,165.0,15.0,419.0,9.720425317336607,Asia,7.0,9.688878761638026,Female,4.0,0.20,177.0,Bachelor,77.0,589.0,Student,1.2957960007380778,Upper-Mid,170.0,4.8,27.0,Android,53.4
12.25,7.468843350253363,11.0,14.0,420.0,16.64289181488467,North America,3.0,6.935419064200605,Female,66.0,0.0,362.0,High School,66.0,175.0,Unemployed_Looking,3.014513187496352,Lower-Mid,172.0,9.1,35.0,Laptop,47.0
5.07,8.714359806891109,77.0,1.0,421.0,5.0,Africa,3.0,9.048184403990248,Male,86.0,0.0,39.0,,86.0,77.0,Unemployed_Looking,3.878748386980962,Lower-Mid,77.0,6.418568102444702,29.0,Android,18.3
14.01,5.077809639248295,148.0,18.0,422.0,18.0,Asia,4.0,9.85858758599896,Male,0.0,1.0,217.0,PhD,65.29930112427833,1202.0,Full-time Employee,1.0533484653598133,Low,241.0,5.5,29.0,Laptop,82.1
5.24,8.265717081955192,160.0,0.0,423.0,9.115391273881094,North America,6.0,9.696815548099998,Female,37.0,0.0,351.0,Master,63.0,184.0,Student,4.260646096804785,Low,62.0,2.7,24.0,Laptop,20.3
9.41,7.005864011882543,179.0,16.0,424.0,7.675348536154335,Middle East,5.0,1.0,Female,59.0,0.0,81.0,Bachelor,75.0,229.0,Student,2.099651962074596,Lower-Mid,247.0,10.0,22.0,Tablet,46.5
9.66,6.534120794141296,37.0,18.0,425.0,10.0442142713608,Middle East,3.0,3.003052763087724,,46.0,0.0,34.0,High School,71.0,275.0,Full-time Employee,1.0,Upper-Mid,126.0,8.1,38.0,,36.68415185296776
4.82,8.388575132327977,60.0,5.0,426.0,1.6416114857690909,Africa,1.0,1.0,Female,77.0,0.0,147.0,Bachelor,79.0,332.60,Part-time/Shift,2.8029808070426294,Lower-Mid,90.0,8.4,28.0,iPhone,18.8
3.63,9.066516830485844,0.0,1.0,427.0,6.035913229153149,North America,0.0,1.0,Female,43.21,0.0,64.0,High School,55.0,161.0,Part-time/Shift,3.729352172290764,Low,89.0,9.9,37.0,iPhone,19.6
7.5,7.404265734364652,99.0,10.0,428.0,3.0,,4.0,1.0,Male,74.0,0.0,154.0,High School,64.94,134.0,Student,2.00649240424212,Lower-Mid,175.0,8.5,17.0,Tablet,33.1
5.78,6.191286138347616,0.0,8.0,429.0,6.72,Africa,1.0,10.0,Male,0.0,0.0,81.0,High School,76.0,1199.0,Full-time Employee,2.917079151350166,Low,100.0,2.6,34.0,Laptop,51.3
6.77,7.45909620034324,25.0,11.0,430.0,2.73885255328641,Europe,7.0,4.69473022434125,Female,66.0,0.0,44.0,Bachelor,47.0,274.0,Student,3.26764413007777,Lower-Mid,123.0,9.1,23.0,Tablet,31.7
14.3,5.819559272332693,112.0,22.0,431.0,21.0,Middle East,1.0,10.0,Male,30.0,1.0,249.0,Master,53.0,215.0,Full-time Employee,1.0,Lower-Mid,147.04,2.9,44.0,Tablet,62.4
3.15,8.868832398021889,165.0,0.0,432.0,9.313476428044666,North America,3.0,3.976269667030312,Female,3.0,0.0,131.0,High School,45.0,782.0,Unemployed_Looking,3.967359308787604,,39.0,8.8,29.0,Android,29.6
9.18,6.914203487132455,326.0,11.0,433.0,10.0,Asia,0.0,3.4725639019411094,Male,76.0,0.0,130.0,Bachelor,62.0,104.0,Unemployed_Looking,1.7777794758360848,Lower-Mid,157.0,8.9,24.0,Laptop,35.8
6.3,6.266576984782824,189.0,11.0,434.0,6.128363145935734,South America,4.0,2.950285537255955,,13.0,0.0,122.0,Master,72.0,539.0,Full-time Employee,2.052795730787804,Low,125.0,9.0,43.0,,38.7
4.45,5.827112628314625,231.0,1.0,435.0,6.72,Africa,2.0,10.0,Female,67.0,1.0,91.0,High School,80.0,157.0,Student,3.9164354271465767,Low,83.0,1.5,17.0,Android,18.4
8.6,5.28014509825485,187.0,12.0,436.0,6.662099314185204,South America,1.0,4.87,Female,5.0,1.0,122.0,Bachelor,66.0,828.0,Unemployed_Looking,1.7686955578309604,High,207.0,7.5,29.0,iPhone,57.4
9.83,7.359208740359357,342.0,14.0,437.0,7.0,North America,5.0,4.87,Male,37.0,0.0,126.0,High School,81.0,248.0,Student,1.2061940842548269,Low,181.0,7.3,18.0,,41.9
9.36,6.139886289089313,66.0,10.0,438.0,13.502091233897964,,6.0,2.6610860330493544,Female,43.0,0.0,150.0,High School,51.0,198.0,Student,1.2397798569273313,Low,203.0,7.5,15.0,Laptop,42.0
4.6,6.868538940239257,100.0,0.0,439.0,1.8845129355211656,Middle East,2.0,10.0,Female,64.0,0.0,102.0,Bachelor,48.0,268.0,Student,2.82,Low,89.0,1.9,20.0,iPhone,36.68415185296776
6.62,7.962017840956819,223.0,3.0,440.0,3.0,Asia,3.0,1.0,Male,27.0,0.0,241.0,High School,64.0,379.0,Student,3.990298406364893,Lower-Mid,117.0,8.7,14.0,iPhone,32.3
7.30,9.283469535341492,173.0,0.0,441.0,5.603823894872045,Asia,3.44,8.13775446354641,Female,0.0,0.0,136.0,High School,69.0,870.0,,5.0,Upper-Mid,50.0,9.6,34.0,Tablet,36.75
14.63,3.903528151904493,84.0,14.0,442.0,5.690281317326126,Middle East,3.0,4.87,,19.0,1.0,119.0,High School,65.0,503.0,Full-time Employee,2.82,Upper-Mid,297.0,2.3,31.0,Laptop,71.2
7.62,7.26,162.0,10.0,443.0,6.72,Europe,5.0,3.914206916084803,Female,44.0,0.0,53.0,Bachelor,44.0,381.0,Full-time Employee,2.1072391411001727,Upper-Mid,180.0,2.2,33.0,Tablet,42.3
12.78,5.26581298551899,38.0,17.0,444.0,13.0,,3.0,8.134318214629104,Male,0.0,1.0,69.0,Bachelor,64.0,1196.0,Student,1.039364404518936,Upper-Mid,250.0,3.0,20.0,iPhone,79.7
7.53,7.129406293324884,114.0,11.0,445.0,10.147215188189374,Europe,0.0,5.323681212257984,Female,45.0,0.0,148.0,Bachelor,52.0,249.0,Part-time/Shift,1.8103735413150583,Lower-Mid,137.0,5.8,26.0,Android,34.3
7.97,8.782354522920373,194.0,13.0,446.0,6.0,Europe,2.0,1.0,Male,67.0,0.0,67.0,High School,72.0,241.0,Full-time Employee,2.8348024511584224,High,147.04,7.2,27.67,Laptop,37.0
9.1,7.404060717094872,0.0,15.0,447.0,3.0,Asia,3.0,5.033142451440511,Male,40.0,0.0,146.30,Bachelor,69.0,161.0,Full-time Employee,1.0,Lower-Mid,175.0,8.3,32.0,Laptop,39.1
8.19,7.813450995344517,219.0,14.0,448.0,8.991578119943789,North America,4.0,2.86094575655306,Female,6.0,0.0,129.0,High School,65.29930112427833,662.0,Student,2.82,Lower-Mid,186.0,3.9,14.0,Laptop,36.75
7.76,7.668865463691825,0.0,12.0,449.0,6.055673998258897,Middle East,2.0,6.156988908506887,Female,51.0,0.0,191.0,,60.0,171.0,Student,3.8573041576761335,Low,147.04,9.7,16.0,Tablet,32.7
8.86,5.335903763995615,14.0,11.0,450.0,8.79139489641522,North America,7.0,3.701795818295885,Female,74.0,0.20,146.30,Master,54.0,332.60,Full-time Employee,2.30582093389594,Lower-Mid,168.0,7.0,32.0,Tablet,37.4
7.85,6.517339299830219,310.0,9.0,451.0,6.133803744335982,South America,0.0,9.343366903048253,Female,43.21,0.0,214.0,Bachelor,64.0,723.0,Student,1.7894345905691305,Upper-Mid,157.0,2.7,22.0,Android,48.1
4.36,8.203398272571102,232.0,3.0,452.0,6.282609301200005,North America,3.44,1.049279107537773,Female,43.21,0.0,0.0,Bachelor,75.0,526.0,Part-time/Shift,4.994623498405344,Lower-Mid,130.0,8.2,36.0,Android,36.68415185296776
7.97,5.955109837522002,101.0,8.0,453.0,5.0,Europe,4.0,6.9232589929182735,Male,67.0,1.0,100.0,,64.94,236.0,Full-time Employee,2.035949395841941,Lower-Mid,200.0,8.2,31.0,Android,36.75
7.30,6.85677092909011,0.0,7.0,454.0,3.0,Europe,3.0,1.1014977061401696,,70.0,0.0,52.0,Bachelor,70.0,129.0,Full-time Employee,2.997783433737893,Low,69.0,8.3,23.0,Android,20.0
11.61,6.743406932717032,152.0,17.0,455.0,12.161821048229148,Europe,6.0,2.664318334415058,Female,41.0,0.0,106.0,High School,60.0,433.0,Full-time Employee,3.193695496852364,Upper-Mid,246.0,3.5,21.0,Laptop,57.2
7.07,8.295667691681212,19.0,5.0,456.0,10.810753135073238,Middle East,5.0,4.87,Female,79.0,0.20,59.0,Bachelor,57.0,127.0,Full-time Employee,2.152415376971181,Upper-Mid,141.0,7.1,27.0,Tablet,30.3
6.26,7.780205642879543,267.0,4.0,254.22,1.0,Asia,4.0,2.9684361509661734,Male,36.0,0.0,112.0,PhD,64.0,320.0,Full-time Employee,3.1217483033606794,Lower-Mid,99.0,9.7,34.0,Laptop,30.3
7.19,7.558623146638389,159.0,8.0,458.0,2.0,North America,3.0,1.1163062540497932,Male,35.0,1.0,111.0,PhD,55.0,284.0,Full-time Employee,1.868182391776093,Lower-Mid,112.0,9.1,44.0,Android,33.8
14.95,4.956341929477083,193.0,27.0,459.0,21.0,South America,3.0,10.0,Male,73.0,1.0,78.0,Bachelor,59.0,103.0,Part-time/Shift,3.0119029896681364,Lower-Mid,232.0,0.3,22.0,Android,55.6
4.16,8.629516000496409,124.0,0.0,460.0,5.0,Africa,6.0,2.66652248632068,Male,87.0,0.0,119.0,High School,53.0,133.0,,3.134741559452886,Upper-Mid,92.0,7.8,29.0,Android,19.8
14.18,3.0950998617471406,105.91,8.0,461.0,21.0,Middle East,7.0,4.520427099974225,Male,45.0,0.0,81.0,Bachelor,85.0,316.0,Student,1.3529953346553905,Upper-Mid,167.0,1.4,27.0,Laptop,36.75
8.6,6.511037913865027,19.0,14.0,462.0,5.0,Middle East,2.0,10.0,Male,0.0,0.0,189.0,High School,65.0,1131.0,Student,1.860304450650733,Lower-Mid,149.0,3.6,13.0,Laptop,58.8
6.55,7.149577471642442,26.0,16.0,463.0,6.72,North America,4.0,2.9420849584509168,Female,0.0,0.0,290.0,Bachelor,64.94,658.0,Part-time/Shift,2.991041449457569,Upper-Mid,164.0,7.2,20.0,iPhone,44.0
4.24,7.192662487125548,207.0,8.0,464.0,5.364573666486308,North America,3.44,5.133728948261498,Female,0.0,0.0,157.0,Bachelor,67.0,825.0,Full-time Employee,2.926919192498814,Low,93.0,1.0,29.0,,37.2
11.66,6.353789849004822,37.0,17.0,465.0,11.0,Africa,1.0,10.0,Male,14.0,1.0,88.0,PhD,64.0,584.0,Full-time Employee,1.0,Lower-Mid,131.0,5.2,31.0,,36.68415185296776
2.78,7.081526708534121,191.0,0.0,466.0,4.0,Europe,5.0,4.748509776552625,Male,45.0,1.0,314.0,High School,63.0,239.0,Part-time/Shift,3.081850316786568,Low,67.0,3.8,14.0,Android,15.4
8.9,6.533531684612271,196.0,8.0,467.0,2.0,North America,2.0,1.285795320164362,Male,58.0,0.0,214.0,High School,71.0,194.0,Student,1.8295057432859567,Lower-Mid,238.0,9.0,15.0,Tablet,43.2
5.76,7.67786272107377,117.0,1.0,468.0,3.7171970308713753,Middle East,4.0,1.0,Female,41.59859976662777,0.0,156.0,,73.0,97.0,Full-time Employee,2.0425509439633287,Lower-Mid,147.04,7.4,29.0,Android,21.9
8.88,8.124968697373285,88.0,10.0,469.0,3.0,North America,5.0,7.677408145937462,Male,90.0,0.0,32.0,,60.0,89.0,Full-time Employee,2.071605314426092,Upper-Mid,137.0,0.0,30.0,Tablet,33.6
3.07,8.075893812097114,52.0,7.0,470.0,5.593427631049864,Africa,0.0,1.3424818623866552,Female,41.0,0.0,186.0,High School,59.0,327.0,Part-time/Shift,2.6793127953046785,Upper-Mid,55.0,8.3,33.0,Android,19.1
4.45,6.792773006111729,80.0,6.0,471.0,5.471943416047388,South America,0.0,4.87,Female,30.0,0.0,247.0,Bachelor,62.0,332.60,Full-time Employee,4.738167483471932,Upper-Mid,116.0,9.5,20.0,Tablet,27.2
8.75,6.4107072529863975,75.0,8.0,472.0,3.0,Middle East,4.0,6.901562239591745,Male,45.0,0.0,83.0,Bachelor,42.0,477.0,Student,4.003631436625138,Upper-Mid,206.0,7.2,24.0,iPhone,48.9
5.59,8.425618304986305,0.0,5.0,473.0,11.288429781039078,South America,3.0,5.919297217046082,,39.0,0.0,129.0,Master,50.0,332.60,Full-time Employee,2.82,High,115.0,5.0,32.0,iPhone,31.5
7.64,7.25599404139266,145.0,14.0,474.0,0.0,Asia,4.0,2.9176054796724493,Male,74.0,0.0,41.0,Master,79.0,113.0,Student,2.126432198132066,,113.0,9.0,24.0,Android,36.75
8.8,6.65486321540189,108.0,10.0,475.0,6.72,North America,3.0,2.968705710433817,Male,49.0,0.0,115.0,Master,81.0,103.0,Full-time Employee,3.964612603996106,Upper-Mid,175.0,9.7,38.0,Laptop,37.0
7.02,7.285457087605446,105.91,4.0,476.0,4.0,Europe,5.0,4.863598936174169,Male,56.0,0.0,108.0,High School,63.0,332.60,Student,3.13831721503393,Lower-Mid,177.0,6.57,15.0,Android,36.1
7.36,8.559789567102557,52.0,9.0,477.0,11.940604221342774,Europe,2.0,10.0,Female,36.0,0.0,84.0,High School,71.0,461.0,Student,2.993060567786151,Lower-Mid,174.0,9.0,16.0,Tablet,36.75
2.96,8.111081796978882,308.0,3.0,478.0,5.0,Africa,4.0,1.0,Male,43.21,0.20,100.0,Master,68.0,146.0,Full-time Employee,2.992544962469025,Upper-Mid,81.0,8.7,33.0,iPhone,36.75
7.5,6.800973000793173,136.0,10.0,479.0,6.361590308663874,North America,3.44,3.980815175935902,Female,54.0,1.0,208.0,Bachelor,95.0,155.0,Full-time Employee,3.031602134500172,Lower-Mid,178.0,6.57,32.0,Laptop,34.6
5.16,7.528176153024106,92.0,8.0,480.0,6.477542132145013,Africa,3.0,5.097810897553709,Female,37.0,0.0,138.0,High School,76.0,274.0,Student,2.025583254636759,,96.0,6.57,13.0,Android,23.9
7.48,6.674994423328196,0.0,4.0,481.0,6.0,Africa,7.0,9.542520525565193,Male,26.0,0.20,49.0,High School,64.0,365.0,Part-time/Shift,4.334294816086857,Upper-Mid,127.0,5.8,31.0,Tablet,36.4
7.32,4.942841092796614,176.0,11.0,482.0,7.374589971672408,Africa,3.0,8.950706849478914,Female,47.0,1.0,50.0,Master,55.0,528.0,Unemployed_Looking,2.0366277672777664,Lower-Mid,93.0,9.6,39.0,iPhone,38.2
7.30,8.998622771718196,115.0,6.0,483.0,7.0,Middle East,4.0,4.87,Male,83.0,0.0,91.0,,49.0,56.0,Full-time Employee,4.065953766635824,Low,22.0,6.0,29.0,iPhone,11.3
8.47,6.89830346942418,19.0,9.0,484.0,9.67147476817717,Asia,3.0,1.0654425893818034,Female,37.0,0.0,45.0,Bachelor,64.94,444.0,Caregiver/Home,1.942893899961172,Upper-Mid,193.0,8.4,36.0,Tablet,46.7
10.69,7.769182617051064,44.0,18.0,485.0,10.180268550314768,Europe,3.0,8.062012117906551,Female,70.0,1.0,146.30,Bachelor,57.0,76.0,Full-time Employee,1.026769039302163,Lower-Mid,205.0,6.5,31.0,Tablet,43.5
6.72,7.18097118424643,22.0,11.0,486.0,7.243952558927273,Africa,1.0,5.195581534172852,Female,10.0,0.0,45.0,Master,51.0,681.0,Part-time/Shift,2.868913198133263,High,166.0,2.7,28.0,Tablet,46.1
15.58,5.663004267313406,137.0,25.0,487.0,16.0,North America,3.0,10.0,Male,68.0,0.0,204.0,Master,59.0,109.0,Full-time Employee,1.027306069815799,High,284.0,3.4,41.0,Android,63.5
8.82,5.484515707638428,218.0,15.0,488.0,5.776616394295631,North America,0.0,6.4789886654645965,Female,27.0,0.0,90.0,Bachelor,54.0,376.0,Full-time Employee,2.734611548066822,Low,214.0,8.0,25.0,iPhone,46.9
10.5,7.716219499239145,150.0,11.0,489.0,8.0,Asia,4.0,9.852841829662683,Male,57.0,0.0,167.0,Bachelor,82.0,332.60,Full-time Employee,3.0161152926572266,Upper-Mid,147.04,0.8,23.0,Android,46.1
7.17,7.947461459242812,166.0,6.0,490.0,2.0,Asia,2.0,4.987652949753329,Male,0.0,0.0,190.0,High School,74.0,1119.0,Student,2.901723843849957,Upper-Mid,133.0,2.8,26.0,Tablet,54.6
3.36,9.204926545097802,137.0,9.05,491.0,6.878317538884084,Middle East,5.0,2.860659830144762,Female,38.0,0.0,46.0,Bachelor,65.0,268.0,Full-time Employee,5.0,Low,25.0,3.8,27.67,Android,36.68415185296776
3.4,9.669390354285628,61.0,6.0,492.0,3.0,Middle East,4.0,4.87,Male,69.0,0.0,138.0,High School,80.0,228.0,Student,4.103142607830892,Low,105.0,9.0,15.0,Tablet,19.4
5.66,6.496660021725108,190.0,0.0,493.0,6.0,Europe,1.0,2.193503209657968,Male,72.0,1.0,100.0,High School,66.0,87.0,Student,4.7907872811938885,Low,112.0,9.1,16.0,Android,22.3
3.29,9.772726813246791,4.0,3.0,494.0,3.0,North America,5.0,1.0,Male,57.0,1.0,146.30,High School,56.0,170.0,Student,4.14757830674102,Lower-Mid,85.0,9.1,16.0,Android,16.8
3.49,7.484039383409911,265.0,6.0,495.0,6.0,Europe,4.0,6.997904653789647,Male,60.0,0.0,148.0,High School,80.0,122.0,Unemployed_Looking,4.986486103113595,Upper-Mid,95.0,9.3,35.0,Laptop,17.9
3.02,7.904675652583744,131.0,9.05,496.0,4.0,Africa,2.0,5.967130116883757,Male,46.0,0.0,65.0,Bachelor,65.29930112427833,230.0,Part-time/Shift,3.941403236294669,Low,85.0,9.1,29.0,Tablet,18.4
7.18,6.249183904087532,22.0,6.0,497.0,6.72,Europe,4.0,1.0,Female,77.0,0.0,20.0,High School,55.0,107.0,Full-time Employee,4.01275958050164,High,135.0,8.6,40.0,Android,30.8
7.30,7.769541749882472,150.0,8.0,498.0,4.0,Europe,3.0,2.2226807988409023,Male,76.0,0.0,80.0,Master,63.0,52.0,Student,3.011303142719712,Upper-Mid,147.04,8.9,24.0,Tablet,36.75
4.45,6.633811729462506,0.0,5.0,499.0,4.0,Middle East,3.0,10.0,,0.0,0.0,82.0,Bachelor,56.0,1198.0,Student,2.9145751458716265,Low,103.0,3.1,19.0,Laptop,36.75
6.76,4.894865451139673,145.0,14.0,500.0,21.0,South America,2.0,10.0,Male,62.0,0.0,15.0,High School,51.0,338.0,Full-time Employee,2.943726526466077,High,226.0,0.2,42.0,iPhone,36.68415185296776
